YEAR,FLEN,ABUNDANCE,BIOMASS,WT,,,,,,,,,,,,,,,
1965,9,1414057.107,17808.00221,0.012593552,,,,,,,,,,,,,,,
1965,10,0,0,0,,,,,,,,,,,,,,,
1965,11,707028.5533,8904.001104,0.012593552,,,,,,,,,,,,,,,
1965,12,783017.0223,18059.89135,0.023064494,,,,,,,,,,,,,,,
1965,13,34343.5423,1511.334872,0.044006377,,,,,,,,,,,,,,,
1965,14,1067714.217,42920.78963,0.040198762,,,,,,,,,,,,,,,
1965,15,303367.957,13350.1247,0.044006377,,,,,,,,,,,,,,,
1965,16,894482.0677,39130.69854,0.043746767,,,,,,,,,,,,,,,
1965,17,991796.9547,43983.24683,0.044347028,,,,,,,,,,,,,,,
1965,18,1457015.864,64792.69229,0.044469449,,,,,,,,,,,,,,,
1965,19,1155247.963,54751.14706,0.047393416,,,,,,,,,,,,,,,
1965,20,1026216.464,50892.46657,0.049592331,,,,,,,,,,,,,,,
1965,21,918360.0102,57228.42391,0.062315893,,,,,,,,,,,,,,,
1965,22,625079.1042,53042.21909,0.08485681,,,,,,,,,,,,,,,
1965,23,652270.5825,69793.99368,0.107001597,,,,,,,,,,,,,,,
1965,24,661745.8303,89717.05942,0.135576312,,,,,,,,,,,,,,,
1965,25,660444.1076,101904.4706,0.154296888,,,,,,,,,,,,,,,
1965,26,872374.3955,146038.9758,0.167404014,,,,,,,,,,,,,,,
1965,27,701547.2348,128834.218,0.18364297,,,,,,,,,,,,,,,
1965,28,414049.73,86274.31229,0.208367029,,,,,,,,,,,,,,,
1965,29,222813.8575,51016.87577,0.22896635,,,,,,,,,,,,,,,
1965,30,151749.0555,36781.16892,0.242381534,,,,,,,,,,,,,,,
1965,31,109943.573,27884.14876,0.253622363,,,,,,,,,,,,,,,
1965,32,70672.83265,18746.36014,0.265255536,,,,,,,,,,,,,,,
1965,33,33637.75969,9730.259316,0.289265974,,,,,,,,,,,,,,,
1965,34,7621.51246,2474.935259,0.324730199,,,,,,,,,,,,,,,
1965,35,2474.28878,858.5297627,0.346980421,,,,,,,,,,,,,,,
1965,36,300.0758518,110.9031652,0.369583772,,,,,,,,,,,,,,,
1965,37,103.6001535,39.58802767,0.382123253,,,,,,,,,,,,,,,
1965,38,0,0,0,,,,,,,,,,,,,,,
1966,9,1118134.807,14081.28924,0.012593552,,,,,,,,,,,,,,,
1966,10,0,0,0,,,,,,,,,,,,,,,
1966,11,559067.4037,7040.644619,0.012593552,,,,,,,,,,,,,,,
1966,12,617606.2107,14244.77469,0.023064494,,,,,,,,,,,,,,,
1966,13,22290.24065,980.9127347,0.044006377,,,,,,,,,,,,,,,
1966,14,818524.1312,32903.6567,0.040198762,,,,,,,,,,,,,,,
1966,15,196897.1257,8664.729157,0.044006377,,,,,,,,,,,,,,,
1966,16,609391.3032,26658.89931,0.043746767,,,,,,,,,,,,,,,
1966,17,655847.0167,29084.86569,0.044347028,,,,,,,,,,,,,,,
1966,18,969858.423,43129.06945,0.044469449,,,,,,,,,,,,,,,
1966,19,886045.0678,41992.70231,0.047393416,,,,,,,,,,,,,,,
1966,20,861360.1356,42716.85695,0.049592331,,,,,,,,,,,,,,,
1966,21,1105514.27,68891.10866,0.062315893,,,,,,,,,,,,,,,
1966,22,1052505.721,89312.27854,0.084856811,,,,,,,,,,,,,,,
1966,23,1191634.282,127506.7706,0.107001596,,,,,,,,,,,,,,,
1966,24,863526.9146,117073.7947,0.135576312,,,,,,,,,,,,,,,
1966,25,592536.2049,91426.49255,0.154296888,,,,,,,,,,,,,,,
1966,26,642389.23,107538.5359,0.167404014,,,,,,,,,,,,,,,
1966,27,657454.7765,120736.948,0.18364297,,,,,,,,,,,,,,,
1966,28,611477.9616,127411.8465,0.20836703,,,,,,,,,,,,,,,
1966,29,446240.9922,102174.1714,0.22896635,,,,,,,,,,,,,,,
1966,30,328863.3271,79710.39781,0.242381534,,,,,,,,,,,,,,,
1966,31,229427.2749,58187.88756,0.253622363,,,,,,,,,,,,,,,
1966,32,143047.095,37944.03393,0.265255537,,,,,,,,,,,,,,,
1966,33,73483.76783,21256.81081,0.289272195,,,,,,,,,,,,,,,
1966,34,27477.22429,8923.510705,0.324760267,,,,,,,,,,,,,,,
1966,35,6805.891589,2362.578817,0.347137298,,,,,,,,,,,,,,,
1966,36,1706.66357,631.4735855,0.370004725,,,,,,,,,,,,,,,
1966,37,141.7785735,54.17688971,0.382123253,,,,,,,,,,,,,,,
1966,38,0,0,0,,,,,,,,,,,,,,,
1967,9,2394508.638,28339.87289,0.01183536,,,,,,,,,,,,,,,
1967,10,0,0,0,,,,,,,,,,,,,,,
1967,11,1197254.319,14169.93644,0.01183536,,,,,,,,,,,,,,,
1967,12,1262308.647,28476.462,0.022559033,,,,,,,,,,,,,,,
1967,13,18623.08929,819.5346893,0.044006377,,,,,,,,,,,,,,,
1967,14,1511981.498,60640.83011,0.04010686,,,,,,,,,,,,,,,
1967,15,164503.9554,7239.223089,0.044006377,,,,,,,,,,,,,,,
1967,16,698680.3903,30560.63023,0.043740501,,,,,,,,,,,,,,,
1967,17,544311.1684,24122.86772,0.044318157,,,,,,,,,,,,,,,
1967,18,803046.9079,35679.53688,0.044430203,,,,,,,,,,,,,,,
1967,19,699694.3898,32960.05493,0.047106359,,,,,,,,,,,,,,,
1967,20,661721.3338,32503.03215,0.049118912,,,,,,,,,,,,,,,
1967,21,775356.4831,47113.86324,0.060764131,,,,,,,,,,,,,,,
1967,22,694935.9968,56564.08586,0.08139467,,,,,,,,,,,,,,,
1967,23,807555.681,82299.73595,0.10191215,,,,,,,,,,,,,,,
1967,24,766328.9427,99021.94448,0.129215979,,,,,,,,,,,,,,,
1967,25,718141.7723,105682.9412,0.147161668,,,,,,,,,,,,,,,
1967,26,933060.7955,149515.0536,0.160241492,,,,,,,,,,,,,,,
1967,27,813166.8936,144626.3702,0.177855704,,,,,,,,,,,,,,,
1967,28,591723.3844,121127.4555,0.204702837,,,,,,,,,,,,,,,
1967,29,417739.7716,94574.48697,0.226395698,,,,,,,,,,,,,,,
1967,30,367179.4532,88330.34598,0.240564512,,,,,,,,,,,,,,,
1967,31,318268.3718,80967.78533,0.254400979,,,,,,,,,,,,,,,
1967,32,232237.316,62401.36197,0.268696534,,,,,,,,,,,,,,,
1967,33,126932.5749,37662.05565,0.296709144,,,,,,,,,,,,,,,
1967,34,61795.2966,20241.17198,0.327551984,,,,,,,,,,,,,,,
1967,35,23073.58184,8105.431504,0.351286227,,,,,,,,,,,,,,,
1967,36,3703.012074,1379.45923,0.372523557,,,,,,,,,,,,,,,
1967,37,1696.33638,651.8449938,0.384266353,,,,,,,,,,,,,,,
1967,38,0,0,0,,,,,,,,,,,,,,,
1968,9,503844.3068,6155.500287,0.012217068,,,,,,,,,,,,,,,
1968,10,0,0,0,,,,,,,,,,,,,,,
1968,11,251922.1534,3077.750143,0.012217068,,,,,,,,,,,,,,,
1968,12,302685.6453,6351.274373,0.020983071,,,,,,,,,,,,,,,
1968,13,30498.3043,1174.644519,0.038515076,,,,,,,,,,,,,,,
1968,14,509191.993,17988.44908,0.035327439,,,,,,,,,,,,,,,
1968,15,269401.688,10376.02659,0.038515076,,,,,,,,,,,,,,,
1968,16,693791.3906,26570.64053,0.038297737,,,,,,,,,,,,,,,
1968,17,882179.8127,34295.1975,0.038875518,,,,,,,,,,,,,,,
1968,18,1296734.043,50579.17904,0.039005052,,,,,,,,,,,,,,,
1968,19,1042275.118,43878.63547,0.0420989,,,,,,,,,,,,,,,
1968,20,935091.3544,41541.96648,0.04442557,,,,,,,,,,,,,,,
1968,21,880880.5343,50992.73058,0.057888361,,,,,,,,,,,,,,,
1968,22,642120.5646,52486.22185,0.081738889,,,,,,,,,,,,,,,
1968,23,681311.5139,70661.02682,0.103713243,,,,,,,,,,,,,,,
1968,24,617071.1435,78508.32575,0.127227349,,,,,,,,,,,,,,,
1968,25,550717.661,78364.57379,0.142295371,,,,,,,,,,,,,,,
1968,26,727447.1545,111405.5286,0.153145872,,,,,,,,,,,,,,,
1968,27,753583.1676,126488.4895,0.167849409,,,,,,,,,,,,,,,
1968,28,681927.2572,131120.6621,0.192279544,,,,,,,,,,,,,,,
1968,29,511526.0288,110264.0123,0.215558947,,,,,,,,,,,,,,,
1968,30,422090.7702,98159.41788,0.232555234,,,,,,,,,,,,,,,
1968,31,355071.4857,87217.27925,0.245633014,,,,,,,,,,,,,,,
1968,32,264592.9257,68748.53964,0.25982758,,,,,,,,,,,,,,,
1968,33,158081.3116,45919.94891,0.290483097,,,,,,,,,,,,,,,
1968,34,74370.14066,24972.00159,0.335779943,,,,,,,,,,,,,,,
1968,35,25342.39769,8941.616548,0.352832303,,,,,,,,,,,,,,,
1968,36,4630.832138,1768.097143,0.381809811,,,,,,,,,,,,,,,
1968,37,1562.964839,607.3514359,0.388589315,,,,,,,,,,,,,,,
1968,38,0,0,0,,,,,,,,,,,,,,,
1969,9,714136.4211,8383.502309,0.011739357,,,,,,,,,,,,,,,
1969,10,0,0,0,,,,,,,,,,,,,,,
1969,11,357068.2105,4191.751155,0.011739357,,,,,,,,,,,,,,,
1969,12,382025.89,8439.455986,0.022091319,,,,,,,,,,,,,,,
1969,13,7844.844956,335.7220594,0.042795245,,,,,,,,,,,,,,,
1969,14,471156.5391,18389.66124,0.039030895,,,,,,,,,,,,,,,
1969,15,69296.13045,2965.544858,0.042795245,,,,,,,,,,,,,,,
1969,16,256383.5276,10906.19234,0.042538584,,,,,,,,,,,,,,,
1969,17,234538.2742,10108.88893,0.043101234,,,,,,,,,,,,,,,
1969,18,348753.106,15070.03962,0.043211198,,,,,,,,,,,,,,,
1969,19,353981.1316,16225.66256,0.045837648,,,,,,,,,,,,,,,
1969,20,363924.1014,17400.23795,0.047812821,,,,,,,,,,,,,,,
1969,21,551826.3411,32691.15543,0.059241745,,,,,,,,,,,,,,,
1969,22,582746.1227,46321.96323,0.079489097,,,,,,,,,,,,,,,
1969,23,693143.6095,69342.66688,0.100040837,,,,,,,,,,,,,,,
1969,24,562001.5339,72359.59686,0.12875338,,,,,,,,,,,,,,,
1969,25,451653.4249,66716.8932,0.147717009,,,,,,,,,,,,,,,
1969,26,564409.7808,90633.82558,0.1605816,,,,,,,,,,,,,,,
1969,27,602784.9577,105705.6312,0.175362092,,,,,,,,,,,,,,,
1969,28,589701.6352,116587.9978,0.197706757,,,,,,,,,,,,,,,
1969,29,487530.2618,105619.9088,0.216642775,,,,,,,,,,,,,,,
1969,30,452536.6653,103918.8543,0.22963632,,,,,,,,,,,,,,,
1969,31,427113.8423,103360.4755,0.241997485,,,,,,,,,,,,,,,
1969,32,340412.9462,86914.20121,0.255319905,,,,,,,,,,,,,,,
1969,33,208297.3328,58997.45305,0.283236719,,,,,,,,,,,,,,,
1969,34,98480.24991,31741.2415,0.322310733,,,,,,,,,,,,,,,
1969,35,34744.30838,12089.85029,0.347966353,,,,,,,,,,,,,,,
1969,36,5927.933719,2185.564185,0.368689039,,,,,,,,,,,,,,,
1969,37,2290.031339,899.270894,0.39268934,,,,,,,,,,,,,,,
1969,38,0,0,0,,,,,,,,,,,,,,,
1970,9,803455.3695,11884.29398,0.01479148,,,,,,,,,,,,,,,
1970,10,0,0,0,,,,,,,,,,,,,,,
1970,11,401727.6847,5942.14699,0.01479148,,,,,,,,,,,,,,,
1970,12,495918.1402,11959.94221,0.024116767,,,,,,,,,,,,,,,
1970,13,10612.99078,453.8893952,0.042767341,,,,,,,,,,,,,,,
1970,14,659339.9727,25962.3867,0.039376328,,,,,,,,,,,,,,,
1970,15,93748.0852,4009.356324,0.042767341,,,,,,,,,,,,,,,
1970,16,353110.0021,15019.93489,0.042536135,,,,,,,,,,,,,,,
1970,17,307765.7558,13281.45555,0.043154429,,,,,,,,,,,,,,,
1970,18,452799.0568,19603.27371,0.043293539,,,,,,,,,,,,,,,
1970,19,371332.7375,17310.08592,0.046616105,,,,,,,,,,,,,,,
1970,20,337673.2689,16584.74805,0.049114779,,,,,,,,,,,,,,,
1970,21,337407.2501,21449.93477,0.063572833,,,,,,,,,,,,,,,
1970,22,261245.3537,23299.57367,0.089186557,,,,,,,,,,,,,,,
1970,23,290908.2983,32827.74505,0.112845681,,,,,,,,,,,,,,,
1970,24,295603.2769,40904.43898,0.138376135,,,,,,,,,,,,,,,
1970,25,291313.9483,45082.05137,0.154754181,,,,,,,,,,,,,,,
1970,26,405775.2578,67471.14364,0.166277126,,,,,,,,,,,,,,,
1970,27,421356.0493,76242.71872,0.180946064,,,,,,,,,,,,,,,
1970,28,400349.5938,81828.27221,0.204392045,,,,,,,,,,,,,,,
1970,29,349292.1551,78824.61619,0.225669586,,,,,,,,,,,,,,,
1970,30,363904.3889,87613.12085,0.240758627,,,,,,,,,,,,,,,
1970,31,386854.7167,97929.98901,0.2531441,,,,,,,,,,,,,,,
1970,32,351512.268,93414.44272,0.265750164,,,,,,,,,,,,,,,
1970,33,255988.1557,74519.39462,0.291104854,,,,,,,,,,,,,,,
1970,34,136824.1283,44871.24082,0.327948304,,,,,,,,,,,,,,,
1970,35,45395.19362,15798.02671,0.348011,,,,,,,,,,,,,,,
1970,36,8910.680227,3274.664334,0.367498805,,,,,,,,,,,,,,,
1970,37,2753.945369,1055.208305,0.383162396,,,,,,,,,,,,,,,
1970,38,0,0,0,,,,,,,,,,,,,,,
1971,9,3122490.763,40191.90472,0.012871745,,,,,,,,,,,,,,,
1971,10,0,0,0,,,,,,,,,,,,,,,
1971,11,1561245.381,20095.95236,0.012871745,,,,,,,,,,,,,,,
1971,12,1400890.523,40302.05306,0.028768881,,,,,,,,,,,,,,,
1971,13,10912.41052,660.8899958,0.060563154,,,,,,,,,,,,,,,
1971,14,1525638.641,83578.11109,0.054782377,,,,,,,,,,,,,,,
1971,15,96392.95956,5837.861629,0.060563154,,,,,,,,,,,,,,,
1971,16,553669.6108,33313.75228,0.06016901,,,,,,,,,,,,,,,
1971,17,316641.896,19278.93824,0.06088562,,,,,,,,,,,,,,,
1971,18,465959.4726,28424.22988,0.061001507,,,,,,,,,,,,,,,
1971,19,384019.5007,24488.69022,0.063769392,,,,,,,,,,,,,,,
1971,20,350407.2344,23074.64209,0.06585093,,,,,,,,,,,,,,,
1971,21,355771.1738,27712.90501,0.077895308,,,,,,,,,,,,,,,
1971,22,280562.4018,27841.04636,0.099232991,,,,,,,,,,,,,,,
1971,23,300733.0798,36312.40905,0.120746308,,,,,,,,,,,,,,,
1971,24,237340.3536,35680.68716,0.150335527,,,,,,,,,,,,,,,
1971,25,183075.6001,31095.05191,0.16984815,,,,,,,,,,,,,,,
1971,26,220129.8381,40220.7893,0.182713937,,,,,,,,,,,,,,,
1971,27,233664.5565,45876.19932,0.196333582,,,,,,,,,,,,,,,
1971,28,233646.4178,50551.70518,0.216359855,,,,,,,,,,,,,,,
1971,29,201378.7096,46921.19423,0.232999776,,,,,,,,,,,,,,,
1971,30,209593.1926,51175.45786,0.244165649,,,,,,,,,,,,,,,
1971,31,255032.4426,64973.30204,0.25476485,,,,,,,,,,,,,,,
1971,32,263469.8643,70223.34471,0.26653274,,,,,,,,,,,,,,,
1971,33,222187.3787,64873.47979,0.29197644,,,,,,,,,,,,,,,
1971,34,148897.3705,48809.0216,0.327803113,,,,,,,,,,,,,,,
1971,35,56714.16465,19832.4438,0.349691191,,,,,,,,,,,,,,,
1971,36,9703.002867,3599.294665,0.37094647,,,,,,,,,,,,,,,
1971,37,4391.352013,1679.427009,0.382439623,,,,,,,,,,,,,,,
1971,38,0,0,0,,,,,,,,,,,,,,,
1972,9,479308.5505,5488.463609,0.011450794,,,,,,,,,,,,,,,
1972,10,0,0,0,,,,,,,,,,,,,,,
1972,11,239654.2752,2744.231804,0.011450794,,,,,,,,,,,,,,,
1972,12,263698.9006,5936.426498,0.02251214,,,,,,,,,,,,,,,
1972,13,60217.039,2687.777337,0.044634831,,,,,,,,,,,,,,,
1972,14,590159.1215,23967.85101,0.040612523,,,,,,,,,,,,,,,
1972,15,531917.1778,23742.03315,0.044634831,,,,,,,,,,,,,,,
1972,16,1273648.259,56499.77855,0.044360582,,,,,,,,,,,,,,,
1972,17,1726647.632,77796.21776,0.045056221,,,,,,,,,,,,,,,
1972,18,2530098.957,114379.8497,0.045207659,,,,,,,,,,,,,,,
1972,19,1890034.901,92280.30655,0.048824657,,,,,,,,,,,,,,,
1972,20,1607788.465,82873.06152,0.051544754,,,,,,,,,,,,,,,
1972,21,1140697.743,76750.73563,0.067284025,,,,,,,,,,,,,,,
1972,22,536604.7721,51067.35545,0.095167539,,,,,,,,,,,,,,,
1972,23,407965.4839,49663.51785,0.121734607,,,,,,,,,,,,,,,
1972,24,277543.6828,42539.12622,0.153270021,,,,,,,,,,,,,,,
1972,25,184802.1634,32107.35575,0.173739069,,,,,,,,,,,,,,,
1972,26,186007.6034,34776.28633,0.186961639,,,,,,,,,,,,,,,
1972,27,163768.7494,32789.99186,0.2002213,,,,,,,,,,,,,,,
1972,28,136469.1741,30013.62528,0.219929706,,,,,,,,,,,,,,,
1972,29,108749.3383,25786.74515,0.237120938,,,,,,,,,,,,,,,
1972,30,111211.5994,27696.91254,0.249046976,,,,,,,,,,,,,,,
1972,31,131099.6166,34018.59352,0.259486598,,,,,,,,,,,,,,,
1972,32,147327.7086,39859.73937,0.270551546,,,,,,,,,,,,,,,
1972,33,145805.6198,42809.69065,0.29360796,,,,,,,,,,,,,,,
1972,34,120739.0799,39382.56226,0.326179082,,,,,,,,,,,,,,,
1972,35,46159.36474,15982.41113,0.346244174,,,,,,,,,,,,,,,
1972,36,8263.831383,3037.859983,0.367609144,,,,,,,,,,,,,,,
1972,37,3667.158844,1385.013054,0.377680137,,,,,,,,,,,,,,,
1972,38,0,0,0,,,,,,,,,,,,,,,
1973,9,983872.9782,13023.16108,0.013236628,,,,,,,,,,,,,,,
1973,10,0,0,0,,,,,,,,,,,,,,,
1973,11,491936.4891,6511.580538,0.013236628,,,,,,,,,,,,,,,
1973,12,620502.6002,13077.71127,0.021075998,,,,,,,,,,,,,,,
1973,13,8905.007274,327.3011885,0.036754736,,,,,,,,,,,,,,,
1973,14,814895.9489,27628.2779,0.033904056,,,,,,,,,,,,,,,
1973,15,78660.89758,2891.160499,0.036754736,,,,,,,,,,,,,,,
1973,16,357151.8531,13057.60431,0.036560371,,,,,,,,,,,,,,,
1973,17,297624.0885,11051.1163,0.037131122,,,,,,,,,,,,,,,
1973,18,458418.8694,17083.61439,0.037266386,,,,,,,,,,,,,,,
1973,19,744945.4695,30168.12365,0.04049709,,,,,,,,,,,,,,,
1973,20,896597.6383,38487.96091,0.042926681,,,,,,,,,,,,,,,
1973,21,1797360.953,102422.6162,0.056985001,,,,,,,,,,,,,,,
1973,22,2040899.132,167130.3767,0.081890562,,,,,,,,,,,,,,,
1973,23,2375480.658,249236.0427,0.104920258,,,,,,,,,,,,,,,
1973,24,1490883.577,193604.2926,0.12985876,,,,,,,,,,,,,,,
1973,25,734523.9956,107140.8501,0.145864329,,,,,,,,,,,,,,,
1973,26,428741.2686,68033.72199,0.158682466,,,,,,,,,,,,,,,
1973,27,241059.1323,43107.39315,0.178824974,,,,,,,,,,,,,,,
1973,28,135737.2316,28356.14513,0.208904696,,,,,,,,,,,,,,,
1973,29,79500.84795,18344.13798,0.230741413,,,,,,,,,,,,,,,
1973,30,66954.67847,16241.39766,0.242573007,,,,,,,,,,,,,,,
1973,31,66815.75987,16888.55362,0.252763026,,,,,,,,,,,,,,,
1973,32,70348.0593,18569.6739,0.263968531,,,,,,,,,,,,,,,
1973,33,72055.36425,20786.33115,0.28847722,,,,,,,,,,,,,,,
1973,34,75422.74424,24385.64945,0.323319573,,,,,,,,,,,,,,,
1973,35,32291.84125,11032.51036,0.341650087,,,,,,,,,,,,,,,
1973,36,5242.997477,1890.158193,0.360510987,,,,,,,,,,,,,,,
1973,37,2881.269853,1086.813649,0.377199535,,,,,,,,,,,,,,,
1973,38,0,0,0,,,,,,,,,,,,,,,
1974,9,680627.2585,7280.000163,0.010696016,,,,,,,,,,,,,,,
1974,10,0,0,0,,,,,,,,,,,,,,,
1974,11,340313.6293,3640.000081,0.010696016,,,,,,,,,,,,,,,
1974,12,336507.7267,7395.564322,0.021977398,,,,,,,,,,,,,,,
1974,13,15567.63425,693.3849578,0.044540162,,,,,,,,,,,,,,,
1974,14,442935.6323,17911.36096,0.040437842,,,,,,,,,,,,,,,
1974,15,137514.1026,6124.900461,0.044540162,,,,,,,,,,,,,,,
1974,16,395560.7273,17507.69924,0.044260459,,,,,,,,,,,,,,,
1974,17,450722.8669,20214.78761,0.044849705,,,,,,,,,,,,,,,
1974,18,662745.6631,29797.67254,0.044960947,,,,,,,,,,,,,,,
1974,19,536520.079,25547.95954,0.0476179,,,,,,,,,,,,,,,
1974,20,483553.2374,23991.98351,0.049616013,,,,,,,,,,,,,,,
1974,21,463626.0273,28363.56072,0.061177671,,,,,,,,,,,,,,,
1974,22,342628.7878,27979.12674,0.081660175,,,,,,,,,,,,,,,
1974,23,458059.1723,47029.57243,0.102671391,,,,,,,,,,,,,,,
1974,24,865700.9491,114909.5331,0.132735829,,,,,,,,,,,,,,,
1974,25,1154207.631,176175.9508,0.152638006,,,,,,,,,,,,,,,
1974,26,1694189.125,279854.5317,0.165184942,,,,,,,,,,,,,,,
1974,27,1269317.515,224858.6265,0.177149235,,,,,,,,,,,,,,,
1974,28,556593.9978,109246.1654,0.196276219,,,,,,,,,,,,,,,
1974,29,193540.4169,41737.36969,0.215651957,,,,,,,,,,,,,,,
1974,30,108725.5365,25116.87889,0.231011772,,,,,,,,,,,,,,,
1974,31,69657.28441,17019.52503,0.244332307,,,,,,,,,,,,,,,
1974,32,50109.59746,12929.35653,0.25802156,,,,,,,,,,,,,,,
1974,33,38982.82627,11114.48697,0.285112395,,,,,,,,,,,,,,,
1974,34,37284.80498,11960.94779,0.320799527,,,,,,,,,,,,,,,
1974,35,16220.16038,5479.683463,0.337831645,,,,,,,,,,,,,,,
1974,36,2585.257247,914.0864738,0.353576602,,,,,,,,,,,,,,,
1974,37,1502.929225,544.2139205,0.362102161,,,,,,,,,,,,,,,
1974,38,0,0,0,,,,,,,,,,,,,,,
1975,9,103379.0935,1223.528837,0.01183536,,,,,,,,,,,,,,,
1975,10,0,0,0,,,,,,,,,,,,,,,
1975,11,51689.54674,611.7644184,0.01183536,,,,,,,,,,,,,,,
1975,12,69732.64893,1287.280249,0.018460223,,,,,,,,,,,,,,,
1975,13,12062.72782,382.5084721,0.031709948,,,,,,,,,,,,,,,
1975,14,146611.455,4295.848622,0.029300907,,,,,,,,,,,,,,,
1975,15,106554.0957,3378.824837,0.031709948,,,,,,,,,,,,,,,
1975,16,261903.6861,8261.93386,0.031545695,,,,,,,,,,,,,,,
1975,17,352741.88,11313.149,0.032072032,,,,,,,,,,,,,,,
1975,18,520498.3125,16761.1681,0.032202156,,,,,,,,,,,,,,,
1975,19,454052.4016,16032.63624,0.035310101,,,,,,,,,,,,,,,
1975,20,428815.5539,16143.77928,0.037647373,,,,,,,,,,,,,,,
1975,21,492076.8509,25180.31499,0.051171509,,,,,,,,,,,,,,,
1975,22,424810.9037,31916.34661,0.075130714,,,,,,,,,,,,,,,
1975,23,458728.0614,45709.35126,0.099643678,,,,,,,,,,,,,,,
1975,24,335119.3946,45077.857,0.134512827,,,,,,,,,,,,,,,
1975,25,247280.5387,38967.13892,0.157582716,,,,,,,,,,,,,,,
1975,26,389237.6775,67112.99419,0.172421628,,,,,,,,,,,,,,,
1975,27,738752.8444,138048.0985,0.186866419,,,,,,,,,,,,,,,
1975,28,978192.0675,202656.7811,0.207174836,,,,,,,,,,,,,,,
1975,29,745723.4121,166431.178,0.223180841,,,,,,,,,,,,,,,
1975,30,451957.5229,105381.8743,0.233167652,,,,,,,,,,,,,,,
1975,31,230359.6869,55836.40768,0.24238793,,,,,,,,,,,,,,,
1975,32,94453.10152,23975.6615,0.253836678,,,,,,,,,,,,,,,
1975,33,39027.53839,10991.206,0.281626935,,,,,,,,,,,,,,,
1975,34,23866.67094,7815.098248,0.327448192,,,,,,,,,,,,,,,
1975,35,9886.424075,3420.189516,0.345948089,,,,,,,,,,,,,,,
1975,36,1575.2305,575.0373407,0.365049649,,,,,,,,,,,,,,,
1975,37,881.3543358,320.9729903,0.364181552,,,,,,,,,,,,,,,
1975,38,0,0,0,,,,,,,,,,,,,,,
1976,9,303968.3379,4470.982172,0.01470871,,,,,,,,,,,,,,,
1976,10,0,0,0,,,,,,,,,,,,,,,
1976,11,151984.1689,2235.491086,0.01470871,,,,,,,,,,,,,,,
1976,12,194809.068,4482.760594,0.023011047,,,,,,,,,,,,,,,
1976,13,1783.901203,70.67053117,0.03961572,,,,,,,,,,,,,,,
1976,14,253671.5446,9283.538578,0.036596689,,,,,,,,,,,,,,,
1976,15,15757.79396,624.2563586,0.03961572,,,,,,,,,,,,,,,
1976,16,92588.50726,3648.901709,0.039409877,,,,,,,,,,,,,,,
1976,17,57483.28341,2295.500454,0.039933357,,,,,,,,,,,,,,,
1976,18,87580.63485,3507.386097,0.040047507,,,,,,,,,,,,,,,
1976,19,126855.9826,5426.129196,0.042773932,,,,,,,,,,,,,,,
1976,20,148996.6611,6678.669483,0.04482429,,,,,,,,,,,,,,,
1976,21,295774.2691,16766.92655,0.056688253,,,,,,,,,,,,,,,
1976,22,345413.6432,26840.82158,0.077706316,,,,,,,,,,,,,,,
1976,23,422104.851,41507.94195,0.098335619,,,,,,,,,,,,,,,
1976,24,345601.0289,43162.25096,0.124890401,,,,,,,,,,,,,,,
1976,25,277553.6641,39491.20698,0.14228314,,,,,,,,,,,,,,,
1976,26,325822.4762,51023.69433,0.156599676,,,,,,,,,,,,,,,
1976,27,297819.8653,53539.35055,0.179770918,,,,,,,,,,,,,,,
1976,28,310084.3399,66123.9904,0.213245178,,,,,,,,,,,,,,,
1976,29,383381.7121,90162.7524,0.235177499,,,,,,,,,,,,,,,
1976,30,509187.095,124708.2851,0.244916429,,,,,,,,,,,,,,,
1976,31,464872.2026,117611.4673,0.252997419,,,,,,,,,,,,,,,
1976,32,294812.3048,77161.43473,0.261730713,,,,,,,,,,,,,,,
1976,33,85542.92897,24139.56994,0.282192464,,,,,,,,,,,,,,,
1976,34,23406.71667,7568.709002,0.323356287,,,,,,,,,,,,,,,
1976,35,7933.235089,2811.360778,0.354377596,,,,,,,,,,,,,,,
1976,36,1218.194843,460.8333835,0.378292016,,,,,,,,,,,,,,,
1976,37,534.0023951,207.5186163,0.388609898,,,,,,,,,,,,,,,
1976,38,0,0,0,,,,,,,,,,,,,,,
1977,9,1743479.073,19796.63264,0.011354672,,,,,,,,,,,,,,,
1977,10,0,0,0,,,,,,,,,,,,,,,
1977,11,871739.5365,9898.316322,0.011354672,,,,,,,,,,,,,,,
1977,12,762153.246,19846.05144,0.02603945,,,,,,,,,,,,,,,
1977,13,5351.345817,296.5127568,0.055409007,,,,,,,,,,,,,,,
1977,14,819396.0067,41026.41028,0.050069087,,,,,,,,,,,,,,,
1977,15,47270.22138,2619.196018,0.055409007,,,,,,,,,,,,,,,
1977,16,287557.3451,15828.57146,0.055044921,,,,,,,,,,,,,,,
1977,17,154259.9919,8588.733517,0.055677,,,,,,,,,,,,,,,
1977,18,226469.2232,12630.9381,0.05577331,,,,,,,,,,,,,,,
1977,19,176608.7441,10256.30934,0.058073621,,,,,,,,,,,,,,,
1977,20,154782.4012,9256.533701,0.059803528,,,,,,,,,,,,,,,
1977,21,126636.9549,8840.94011,0.069813271,,,,,,,,,,,,,,,
1977,22,71734.1227,6280.065572,0.087546419,,,,,,,,,,,,,,,
1977,23,75580.65868,8062.589366,0.106675299,,,,,,,,,,,,,,,
1977,24,125520.4988,17200.17798,0.137030829,,,,,,,,,,,,,,,
1977,25,161772.5355,25448.94569,0.157313141,,,,,,,,,,,,,,,
1977,26,250759.3093,42785.82385,0.170625067,,,,,,,,,,,,,,,
1977,27,249457.5173,46190.22363,0.185162685,,,,,,,,,,,,,,,
1977,28,205617.159,43065.44628,0.209444807,,,,,,,,,,,,,,,
1977,29,147325.7822,34539.29292,0.234441606,,,,,,,,,,,,,,,
1977,30,163963.9232,41560.66346,0.253474439,,,,,,,,,,,,,,,
1977,31,299241.9713,79698.47889,0.26633456,,,,,,,,,,,,,,,
1977,32,331566.2992,91840.32326,0.276989319,,,,,,,,,,,,,,,
1977,33,246139.1555,72442.25808,0.294314238,,,,,,,,,,,,,,,
1977,34,60634.71818,19537.02343,0.32220853,,,,,,,,,,,,,,,
1977,35,18307.69266,6392.801785,0.349186645,,,,,,,,,,,,,,,
1977,36,2252.463682,866.5296674,0.384703058,,,,,,,,,,,,,,,
1977,37,532.8779445,211.0938468,0.396139208,,,,,,,,,,,,,,,
1977,38,0,0,0,,,,,,,,,,,,,,,
1978,9,559205.9017,7042.388801,0.012593552,,,,,,,,,,,,,,,
1978,10,0,0,0,,,,,,,,,,,,,,,
1978,11,279602.9508,3521.1944,0.012593552,,,,,,,,,,,,,,,
1978,12,353196.8293,7246.857811,0.020517902,,,,,,,,,,,,,,,
1978,13,33734.637,1226.814059,0.0363666,,,,,,,,,,,,,,,
1978,14,597711.4442,20014.37889,0.033485019,,,,,,,,,,,,,,,
1978,15,297989.2935,10836.85752,0.0363666,,,,,,,,,,,,,,,
1978,16,775708.4785,28057.47557,0.036170129,,,,,,,,,,,,,,,
1978,17,965146.3525,35518.94282,0.036801613,,,,,,,,,,,,,,,
1978,18,1413139.589,52226.73674,0.036957946,,,,,,,,,,,,,,,
1978,19,1037910.297,42234.51348,0.040691873,,,,,,,,,,,,,,,
1978,20,873510.3001,37997.613,0.043499903,,,,,,,,,,,,,,,
1978,21,595708.051,35592.35287,0.05974798,,,,,,,,,,,,,,,
1978,22,274221.2013,24277.59555,0.08853289,,,,,,,,,,,,,,,
1978,23,207588.2069,23838.76629,0.114836804,,,,,,,,,,,,,,,
1978,24,129427.3495,18406.67753,0.14221629,,,,,,,,,,,,,,,
1978,25,71104.38597,11355.14424,0.159696819,,,,,,,,,,,,,,,
1978,26,61484.68877,10591.00458,0.172254342,,,,,,,,,,,,,,,
1978,27,76193.32165,14371.48479,0.188618694,,,,,,,,,,,,,,,
1978,28,93848.6181,20013.29848,0.21325086,,,,,,,,,,,,,,,
1978,29,85975.54097,20020.54389,0.23286325,,,,,,,,,,,,,,,
1978,30,83145.59398,20403.48419,0.245394653,,,,,,,,,,,,,,,
1978,31,85526.86532,22023.37386,0.257502409,,,,,,,,,,,,,,,
1978,32,130892.8214,35421.15865,0.270611927,,,,,,,,,,,,,,,
1978,33,171760.9339,51133.66015,0.297702504,,,,,,,,,,,,,,,
1978,34,127716.5112,42069.7578,0.329399522,,,,,,,,,,,,,,,
1978,35,33517.77784,11742.81435,0.350345849,,,,,,,,,,,,,,,
1978,36,9433.422234,3503.891424,0.371433753,,,,,,,,,,,,,,,
1978,37,1215.829476,481.2365159,0.395809219,,,,,,,,,,,,,,,
1978,38,0,0,0,,,,,,,,,,,,,,,
1979,9,189133.6159,2381.864095,0.012593552,,,,,,,,,,,,,,,
1979,10,0,0,0,,,,,,,,,,,,,,,
1979,11,94566.80796,1190.932047,0.012593552,,,,,,,,,,,,,,,
1979,12,106539.8252,2457.287152,0.023064494,,,,,,,,,,,,,,,
1979,13,10283.47193,452.5383431,0.044006377,,,,,,,,,,,,,,,
1979,14,172915.6947,6950.996848,0.040198762,,,,,,,,,,,,,,,
1979,15,90837.33535,3997.42203,0.044006377,,,,,,,,,,,,,,,
1979,16,234113.2757,10241.69891,0.043746767,,,,,,,,,,,,,,,
1979,17,314743.0551,13947.27889,0.044313222,,,,,,,,,,,,,,,
1979,18,471724.1804,20955.63652,0.044423494,,,,,,,,,,,,,,,
1979,19,546628.2409,25722.8453,0.047057293,,,,,,,,,,,,,,,
1979,20,596105.3348,29231.80886,0.049037992,,,,,,,,,,,,,,,
1979,21,1041376.947,63002.15345,0.060498894,,,,,,,,,,,,,,,
1979,22,1177886.484,95176.64047,0.080802897,,,,,,,,,,,,,,,
1979,23,1365859.628,139124.9838,0.101858918,,,,,,,,,,,,,,,
1979,24,813246.7448,107928.1182,0.132712635,,,,,,,,,,,,,,,
1979,25,390534.3457,59823.16209,0.153182845,,,,,,,,,,,,,,,
1979,26,226042.5266,37833.38906,0.167372882,,,,,,,,,,,,,,,
1979,27,123445.5507,22776.45663,0.184506096,,,,,,,,,,,,,,,
1979,28,63505.54998,13355.94785,0.210311506,,,,,,,,,,,,,,,
1979,29,35063.39658,8119.013164,0.231552387,,,,,,,,,,,,,,,
1979,30,32291.15794,7915.316143,0.245123329,,,,,,,,,,,,,,,
1979,31,36428.33585,9334.477112,0.256242205,,,,,,,,,,,,,,,
1979,32,35719.69029,9563.854233,0.267747401,,,,,,,,,,,,,,,
1979,33,39691.64471,11574.62926,0.291613748,,,,,,,,,,,,,,,
1979,34,82649.63054,27068.52998,0.327509389,,,,,,,,,,,,,,,
1979,35,44189.69129,15416.43308,0.348869445,,,,,,,,,,,,,,,
1979,36,5552.123188,2057.81087,0.370634945,,,,,,,,,,,,,,,
1979,37,4742.005671,1828.538823,0.385604521,,,,,,,,,,,,,,,
1979,38,0,0,0,,,,,,,,,,,,,,,
1980,9,661886.1222,8335.497534,0.012593552,,,,,,,,,,,,,,,
1980,10,0,0,0,,,,,,,,,,,,,,,
1980,11,330943.0611,4167.748767,0.012593552,,,,,,,,,,,,,,,
1980,12,362616.7122,8363.570955,0.023064494,,,,,,,,,,,,,,,
1980,13,3827.638972,168.4405238,0.044006377,,,,,,,,,,,,,,,
1980,14,434966.7358,17485.12427,0.040198762,,,,,,,,,,,,,,,
1980,15,33810.81092,1487.891294,0.044006377,,,,,,,,,,,,,,,
1980,16,172276.9423,7536.559244,0.043746767,,,,,,,,,,,,,,,
1980,17,115771.5097,5134.122326,0.044347028,,,,,,,,,,,,,,,
1980,18,172826.2924,7685.489953,0.044469449,,,,,,,,,,,,,,,
1980,19,187527.8201,8887.58395,0.047393416,,,,,,,,,,,,,,,
1980,20,198624.8996,9850.271765,0.049592331,,,,,,,,,,,,,,,
1980,21,322124.9572,20073.50428,0.062315893,,,,,,,,,,,,,,,
1980,22,348684.7291,29588.27398,0.08485681,,,,,,,,,,,,,,,
1980,23,470361.4014,50329.42088,0.107001596,,,,,,,,,,,,,,,
1980,24,643285.4238,87214.26557,0.135576312,,,,,,,,,,,,,,,
1980,25,758716.8657,117067.6514,0.154296888,,,,,,,,,,,,,,,
1980,26,1056687.002,176893.646,0.167404014,,,,,,,,,,,,,,,
1980,27,765962.4805,140663.6251,0.18364297,,,,,,,,,,,,,,,
1980,28,326697.9568,68073.08279,0.208367029,,,,,,,,,,,,,,,
1980,29,111776.3942,25593.03304,0.22896635,,,,,,,,,,,,,,,
1980,30,60912.64037,14764.09923,0.242381534,,,,,,,,,,,,,,,
1980,31,36329.10799,9213.874208,0.253622363,,,,,,,,,,,,,,,
1980,32,24390.29285,6469.660216,0.265255537,,,,,,,,,,,,,,,
1980,33,17532.83559,5071.654385,0.289266066,,,,,,,,,,,,,,,
1980,34,11683.35603,3793.943764,0.324730647,,,,,,,,,,,,,,,
1980,35,4043.489545,1403.034097,0.346985959,,,,,,,,,,,,,,,
1980,36,786.9848022,290.8665751,0.369596178,,,,,,,,,,,,,,,
1980,37,278.0244444,106.2477936,0.382152705,,,,,,,,,,,,,,,
1980,38,0,0,0,,,,,,,,,,,,,,,
1981,9,703305.8793,8857.119415,0.012593552,,,,,,,,,,,,,,,
1981,10,0,0,0,,,,,,,,,,,,,,,
1981,11,351652.9397,4428.559707,0.012593552,,,,,,,,,,,,,,,
1981,12,388164.2348,8952.811634,0.023064494,,,,,,,,,,,,,,,
1981,13,13047.04809,574.1533177,0.044006377,,,,,,,,,,,,,,,
1981,14,509700.1054,20489.3132,0.040198762,,,,,,,,,,,,,,,
1981,15,115248.9248,5071.687639,0.044006377,,,,,,,,,,,,,,,
1981,16,363721.1884,15911.62606,0.043746767,,,,,,,,,,,,,,,
1981,17,375752.9197,16663.52507,0.044347028,,,,,,,,,,,,,,,
1981,18,551465.4804,24523.36593,0.044469449,,,,,,,,,,,,,,,
1981,19,427323.332,20252.31235,0.047393416,,,,,,,,,,,,,,,
1981,20,373296.2925,18512.6333,0.049592331,,,,,,,,,,,,,,,
1981,21,305682.3135,19048.86626,0.062315893,,,,,,,,,,,,,,,
1981,22,182619.3019,15496.49149,0.08485681,,,,,,,,,,,,,,,
1981,23,182707.7691,19550.02298,0.107001596,,,,,,,,,,,,,,,
1981,24,214935.78,29140.20045,0.135576312,,,,,,,,,,,,,,,
1981,25,237557.6552,36654.40696,0.154296888,,,,,,,,,,,,,,,
1981,26,393115.0616,65809.0394,0.167404014,,,,,,,,,,,,,,,
1981,27,545350.8269,100149.8458,0.18364297,,,,,,,,,,,,,,,
1981,28,594669.6864,123909.5561,0.20836703,,,,,,,,,,,,,,,
1981,29,424515.0104,97199.6526,0.22896635,,,,,,,,,,,,,,,
1981,30,256943.8299,62278.43973,0.242381534,,,,,,,,,,,,,,,
1981,31,134383.1658,34082.57604,0.253622363,,,,,,,,,,,,,,,
1981,32,57079.68708,15140.70302,0.265255537,,,,,,,,,,,,,,,
1981,33,21721.84821,6283.411689,0.2892669,,,,,,,,,,,,,,,
1981,34,10262.72099,3332.661362,0.324734675,,,,,,,,,,,,,,,
1981,35,4118.20404,1429.040031,0.347005641,,,,,,,,,,,,,,,
1981,36,620.4235043,229.3395555,0.369650012,,,,,,,,,,,,,,,
1981,37,334.5892308,127.8600795,0.382140451,,,,,,,,,,,,,,,
1981,38,0,0,0,,,,,,,,,,,,,,,
1982,9,969508.0384,12209.55024,0.012593552,,,,,,,,,,,,,,,
1982,10,0,0,0,,,,,,,,,,,,,,,
1982,11,484754.0192,6104.775121,0.012593552,,,,,,,,,,,,,,,
1982,12,533791.6972,12311.63536,0.023064494,,,,,,,,,,,,,,,
1982,13,13918.68006,612.510683,0.044006377,,,,,,,,,,,,,,,
1982,14,681104.7769,27379.56879,0.040198762,,,,,,,,,,,,,,,
1982,15,122948.3406,5410.511033,0.044006377,,,,,,,,,,,,,,,
1982,16,419573.6066,18354.98878,0.043746767,,,,,,,,,,,,,,,
1982,17,406461.3962,18025.35472,0.044347028,,,,,,,,,,,,,,,
1982,18,599487.5067,26658.87896,0.044469449,,,,,,,,,,,,,,,
1982,19,518814.9538,24588.41282,0.047393416,,,,,,,,,,,,,,,
1982,20,488463.9345,24224.06512,0.049592331,,,,,,,,,,,,,,,
1982,21,561468.4295,34988.40643,0.062315893,,,,,,,,,,,,,,,
1982,22,493633.6568,41888.17767,0.08485681,,,,,,,,,,,,,,,
1982,23,535728.7303,57323.82944,0.107001597,,,,,,,,,,,,,,,
1982,24,348311.7489,47222.82248,0.135576312,,,,,,,,,,,,,,,
1982,25,198160.9923,30575.62447,0.154296888,,,,,,,,,,,,,,,
1982,26,179503.6062,30049.62426,0.167404014,,,,,,,,,,,,,,,
1982,27,212589.1354,39040.50028,0.18364297,,,,,,,,,,,,,,,
1982,28,262061.1143,54604.89594,0.20836703,,,,,,,,,,,,,,,
1982,29,261918.9271,59970.62083,0.22896635,,,,,,,,,,,,,,,
1982,30,271933.0822,65911.5577,0.242381534,,,,,,,,,,,,,,,
1982,31,228563.8559,57968.90519,0.253622363,,,,,,,,,,,,,,,
1982,32,144807.1788,38410.90592,0.265255537,,,,,,,,,,,,,,,
1982,33,52166.77036,15090.05216,0.289265601,,,,,,,,,,,,,,,
1982,34,15343.44691,4982.452889,0.324728395,,,,,,,,,,,,,,,
1982,35,4477.535419,1553.658618,0.346989688,,,,,,,,,,,,,,,
1982,36,849.2688991,313.8849587,0.369594317,,,,,,,,,,,,,,,
1982,37,193.1350937,73.83460209,0.382295111,,,,,,,,,,,,,,,
1982,38,0,0,0,,,,,,,,,,,,,,,
1983,9,1717483.024,21145.20483,0.01231174,,,,,,,,,,,,,,,
1983,10,0,0,0,,,,,,,,,,,,,,,
1983,11,858741.5118,10572.60241,0.01231174,,,,,,,,,,,,,,,
1983,12,893016.3985,21292.74281,0.023843619,,,,,,,,,,,,,,,
1983,13,18871.8264,885.2278696,0.046907377,,,,,,,,,,,,,,,
1983,14,1090252.561,46569.01102,0.042713966,,,,,,,,,,,,,,,
1983,15,166701.1332,7819.512848,0.046907377,,,,,,,,,,,,,,,
1983,16,606526.6594,28277.15981,0.046621462,,,,,,,,,,,,,,,
1983,17,548775.8563,25931.19937,0.047252807,,,,,,,,,,,,,,,
1983,18,808175.8844,38288.90473,0.047376945,,,,,,,,,,,,,,,
1983,19,677329.3148,34098.06921,0.050341936,,,,,,,,,,,,,,,
1983,20,624906.4193,32852.39451,0.052571703,,,,,,,,,,,,,,,
1983,21,664321.388,43495.63159,0.065473779,,,,,,,,,,,,,,,
1983,22,546964.7693,48313.91789,0.08833095,,,,,,,,,,,,,,,
1983,23,595377.7052,65839.85229,0.110585015,,,,,,,,,,,,,,,
1983,24,466494.5333,64670.86839,0.138631568,,,,,,,,,,,,,,,
1983,25,356688.7379,55985.69193,0.156959517,,,,,,,,,,,,,,,
1983,26,392949.7056,66712.72356,0.169774204,,,,,,,,,,,,,,,
1983,27,300095.7506,55687.3206,0.185565175,,,,,,,,,,,,,,,
1983,28,186243.0944,39005.22339,0.209431783,,,,,,,,,,,,,,,
1983,29,130386.9186,29865.65813,0.229054099,,,,,,,,,,,,,,,
1983,30,140599.4439,33960.69113,0.241542144,,,,,,,,,,,,,,,
1983,31,163001.4465,41020.53629,0.251657499,,,,,,,,,,,,,,,
1983,32,145398.0245,38074.51005,0.261864012,,,,,,,,,,,,,,,
1983,33,92440.98686,26140.77903,0.282783427,,,,,,,,,,,,,,,
1983,34,34431.92433,10889.18224,0.316252503,,,,,,,,,,,,,,,
1983,35,11636.60593,3958.978086,0.340217595,,,,,,,,,,,,,,,
1983,36,1861.286676,676.5701065,0.363495917,,,,,,,,,,,,,,,
1983,37,660.8583319,251.6824307,0.38084173,,,,,,,,,,,,,,,
1983,38,0,0,0,,,,,,,,,,,,,,,
1984,9,2118295.683,28984.05866,0.013682726,,,,,,,,,,,,,,,
1984,10,0,0,0,,,,,,,,,,,,,,,
1984,11,1059147.841,14492.02933,0.013682726,,,,,,,,,,,,,,,
1984,12,1242411.571,29235.42842,0.023531195,,,,,,,,,,,,,,,
1984,13,34889.74569,1508.218547,0.043228132,,,,,,,,,,,,,,,
1984,14,1645977.063,65257.84031,0.039646871,,,,,,,,,,,,,,,
1984,15,308192.7536,13322.59717,0.043228132,,,,,,,,,,,,,,,
1984,16,1038908.582,44656.40027,0.042983956,,,,,,,,,,,,,,,
1984,17,1009505.806,44077.6855,0.043662637,,,,,,,,,,,,,,,
1984,18,1484051.882,65029.35328,0.043818787,,,,,,,,,,,,,,,
1984,19,1195831.664,56859.82077,0.047548349,,,,,,,,,,,,,,,
1984,20,1074807.416,54119.88118,0.050353096,,,,,,,,,,,,,,,
1984,21,1021791.927,68033.13422,0.06658218,,,,,,,,,,,,,,,
1984,22,753315.7492,71816.18295,0.095333442,,,,,,,,,,,,,,,
1984,23,779763.9239,95155.14463,0.122030709,,,,,,,,,,,,,,,
1984,24,591146.2042,89460.77429,0.151334431,,,,,,,,,,,,,,,
1984,25,430348.2508,73234.20079,0.170174273,,,,,,,,,,,,,,,
1984,26,462172.1867,84571.39922,0.182986778,,,,,,,,,,,,,,,
1984,27,378855.2091,74940.81123,0.197808581,,,,,,,,,,,,,,,
1984,28,258208.4526,56875.62985,0.220270209,,,,,,,,,,,,,,,
1984,29,159402.4429,38151.96717,0.239343679,,,,,,,,,,,,,,,
1984,30,123060.9741,30988.18183,0.251811608,,,,,,,,,,,,,,,
1984,31,117304.7572,30661.13728,0.261380169,,,,,,,,,,,,,,,
1984,32,106981.2191,28910.75015,0.27024136,,,,,,,,,,,,,,,
1984,33,83667.76077,24007.01611,0.286932695,,,,,,,,,,,,,,,
1984,34,40874.5951,12826.85449,0.313809946,,,,,,,,,,,,,,,
1984,35,12776.37077,4317.807074,0.337952549,,,,,,,,,,,,,,,
1984,36,2496.170872,907.3528099,0.363497876,,,,,,,,,,,,,,,
1984,37,685.9181196,253.4270692,0.369471314,,,,,,,,,,,,,,,
1984,38,0,0,0,,,,,,,,,,,,,,,
1985,9,770014.1353,10670.89174,0.013858047,,,,,,,,,,,,,,,
1985,10,0,0,0,,,,,,,,,,,,,,,
1985,11,385007.0676,5335.445871,0.013858047,,,,,,,,,,,,,,,
1985,12,415206.8527,11039.08992,0.026586965,,,,,,,,,,,,,,,
1985,13,42447.83378,2209.189055,0.052044801,,,,,,,,,,,,,,,
1985,14,675288.1052,32019.53058,0.047416103,,,,,,,,,,,,,,,
1985,15,374955.8651,19514.50332,0.052044801,,,,,,,,,,,,,,,
1985,16,957277.8911,49519.22697,0.051729208,,,,,,,,,,,,,,,
1985,17,1236818.089,64758.83798,0.052359226,,,,,,,,,,,,,,,
1985,18,1822744.28,95643.44379,0.052472223,,,,,,,,,,,,,,,
1985,19,1552078.944,85629.88155,0.055171086,,,,,,,,,,,,,,,
1985,20,1447328.864,82788.24852,0.057200717,,,,,,,,,,,,,,,
1985,21,1612520.503,111174.8193,0.068944748,,,,,,,,,,,,,,,
1985,22,1394017.891,125113.5793,0.08975034,,,,,,,,,,,,,,,
1985,23,1497808.999,168824.4209,0.112714252,,,,,,,,,,,,,,,
1985,24,992061.7701,149534.747,0.150731287,,,,,,,,,,,,,,,
1985,25,631113.8985,111216.1103,0.176221932,,,,,,,,,,,,,,,
1985,26,604818.779,116553.8351,0.192708691,,,,,,,,,,,,,,,
1985,27,481029.545,100581.5527,0.209096414,,,,,,,,,,,,,,,
1985,28,330117.5555,76752.00512,0.232499011,,,,,,,,,,,,,,,
1985,29,206428.3667,51890.26864,0.251371793,,,,,,,,,,,,,,,
1985,30,153371.6314,40377.4861,0.263265675,,,,,,,,,,,,,,,
1985,31,118306.0162,32336.61501,0.273330267,,,,,,,,,,,,,,,
1985,32,94130.95605,26682.7029,0.283463634,,,,,,,,,,,,,,,
1985,33,73786.69399,22398.81987,0.303561776,,,,,,,,,,,,,,,
1985,34,49864.39592,16396.62519,0.328824302,,,,,,,,,,,,,,,
1985,35,16540.22154,5805.45538,0.350990183,,,,,,,,,,,,,,,
1985,36,3329.088272,1263.727506,0.379601682,,,,,,,,,,,,,,,
1985,37,1051.389602,409.1633058,0.389164307,,,,,,,,,,,,,,,
1985,38,0,0,0,,,,,,,,,,,,,,,
1986,9,446785.4092,5994.255278,0.013416408,,,,,,,,,,,,,,,
1986,10,0,0,0,,,,,,,,,,,,,,,
1986,11,223392.7046,2997.127639,0.013416408,,,,,,,,,,,,,,,
1986,12,243782.6111,6116.275323,0.025089055,,,,,,,,,,,,,,,
1986,13,15115.72435,732.1202697,0.048434349,,,,,,,,,,,,,,,
1986,14,351373.1534,15527.09186,0.04418975,,,,,,,,,,,,,,,
1986,15,133522.2317,6467.062382,0.048434349,,,,,,,,,,,,,,,
1986,16,366383.9096,17639.53303,0.048144945,,,,,,,,,,,,,,,
1986,17,460033.4684,22442.61582,0.048784746,,,,,,,,,,,,,,,
1986,18,688180.8767,33659.3875,0.04891067,,,,,,,,,,,,,,,
1986,19,773479.6855,40157.74541,0.051918294,,,,,,,,,,,,,,,
1986,20,832521.8056,45106.13254,0.054180121,,,,,,,,,,,,,,,
1986,21,1408734.959,94762.38044,0.067267714,,,,,,,,,,,,,,,
1986,22,1565378.369,141594.0224,0.090453545,,,,,,,,,,,,,,,
1986,23,1895299.114,213618.4104,0.112709603,,,,,,,,,,,,,,,
1986,24,1525976.905,213167.7349,0.139692635,,,,,,,,,,,,,,,
1986,25,1182138.033,185890.707,0.157249578,,,,,,,,,,,,,,,
1986,26,1310372.433,223803.7254,0.170793982,,,,,,,,,,,,,,,
1986,27,991810.7126,189335.4976,0.190898823,,,,,,,,,,,,,,,
1986,28,577489.0274,127692.9917,0.221117607,,,,,,,,,,,,,,,
1986,29,321424.6891,78394.53152,0.243897044,,,,,,,,,,,,,,,
1986,30,233606.4851,59970.14221,0.256714372,,,,,,,,,,,,,,,
1986,31,173874.4133,46383.36455,0.266763601,,,,,,,,,,,,,,,
1986,32,119651.707,33109.04929,0.276711884,,,,,,,,,,,,,,,
1986,33,73528.21832,21814.20115,0.296677951,,,,,,,,,,,,,,,
1986,34,55906.3306,18224.22218,0.325977792,,,,,,,,,,,,,,,
1986,35,23802.00923,8283.822333,0.348030381,,,,,,,,,,,,,,,
1986,36,3617.748573,1338.882236,0.370087144,,,,,,,,,,,,,,,
1986,37,1986.159321,805.2177572,0.405414484,,,,,,,,,,,,,,,
1986,38,0,0,0,,,,,,,,,,,,,,,
1987,9,589068.2894,7347.347224,0.012472828,,,,,,,,,,,,,,,
1987,10,0,0,0,,,,,,,,,,,,,,,
1987,11,294534.1447,3673.673612,0.012472828,,,,,,,,,,,,,,,
1987,12,320898.1936,7411.918538,0.023097414,,,,,,,,,,,,,,,
1987,13,8736.362923,387.4278853,0.044346588,,,,,,,,,,,,,,,
1987,14,409238.9629,16567.26256,0.040483102,,,,,,,,,,,,,,,
1987,15,77171.20582,3422.279654,0.044346588,,,,,,,,,,,,,,,
1987,16,259106.4064,11422.23132,0.044083168,,,,,,,,,,,,,,,
1987,17,259359.2368,11581.86969,0.044655705,,,,,,,,,,,,,,,
1987,18,384731.1074,17223.17846,0.044766795,,,,,,,,,,,,,,,
1987,19,373628.6497,17717.50812,0.047420101,,,,,,,,,,,,,,,
1987,20,375781.4954,18569.41922,0.04941547,,,,,,,,,,,,,,,
1987,21,537625.4053,32774.32069,0.060961257,,,,,,,,,,,,,,,
1987,22,551436.7495,44895.57766,0.081415643,,,,,,,,,,,,,,,
1987,23,720968.4894,73199.77552,0.101529785,,,,,,,,,,,,,,,
1987,24,926684.0049,118196.7764,0.127548092,,,,,,,,,,,,,,,
1987,25,1060112.702,153290.4906,0.144598296,,,,,,,,,,,,,,,
1987,26,1551675.332,243493.3076,0.156922845,,,,,,,,,,,,,,,
1987,27,1470454.725,255129.3026,0.173503678,,,,,,,,,,,,,,,
1987,28,1126781.218,225290.8172,0.199941935,,,,,,,,,,,,,,,
1987,29,729827.2737,163029.7192,0.223381237,,,,,,,,,,,,,,,
1987,30,511448.046,122395.1857,0.239311083,,,,,,,,,,,,,,,
1987,31,353662.7635,88851.01438,0.2512309,,,,,,,,,,,,,,,
1987,32,221005.3406,57896.95569,0.261970844,,,,,,,,,,,,,,,
1987,33,116937.3074,32845.85334,0.280884297,,,,,,,,,,,,,,,
1987,34,57993.19422,17763.429,0.306301959,,,,,,,,,,,,,,,
1987,35,21066.23362,6872.352358,0.326225963,,,,,,,,,,,,,,,
1987,36,3549.53975,1237.446361,0.348621638,,,,,,,,,,,,,,,
1987,37,1459.773152,531.8494791,0.364337074,,,,,,,,,,,,,,,
1987,38,0,0,0,,,,,,,,,,,,,,,
1988,9,591633.1984,8540.731677,0.014435856,,,,,,,,,,,,,,,
1988,10,0,0,0,,,,,,,,,,,,,,,
1988,11,295816.5992,4270.365838,0.014435856,,,,,,,,,,,,,,,
1988,12,450932.4666,8593.927744,0.019058126,,,,,,,,,,,,,,,
1988,13,11277.25598,319.1764071,0.028302666,,,,,,,,,,,,,,,
1988,14,699581.5867,18624.14932,0.02662184,,,,,,,,,,,,,,,
1988,15,99615.76117,2819.391596,0.028302666,,,,,,,,,,,,,,,
1988,16,377957.6334,10653.89398,0.028188064,,,,,,,,,,,,,,,
1988,17,328436.6923,9417.500613,0.028673717,,,,,,,,,,,,,,,
1988,18,483942.5331,13940.96298,0.028807063,,,,,,,,,,,,,,,
1988,19,409721.3093,13107.79195,0.03199197,,,,,,,,,,,,,,,
1988,20,379949.6787,13065.37551,0.034387121,,,,,,,,,,,,,,,
1988,21,407952.7522,19682.15264,0.048246157,,,,,,,,,,,,,,,
1988,22,334268.0405,24334.26847,0.072798669,,,,,,,,,,,,,,,
1988,23,378912.003,36352.56967,0.095939346,,,,,,,,,,,,,,,
1988,24,385474.8973,47236.89909,0.122542089,,,,,,,,,,,,,,,
1988,25,383292.1216,53562.73847,0.139743907,,,,,,,,,,,,,,,
1988,26,607857.4519,92245.30533,0.151754832,,,,,,,,,,,,,,,
1988,27,870572.7072,145163.9321,0.166745329,,,,,,,,,,,,,,,
1988,28,1037576.301,197647.6849,0.190489783,,,,,,,,,,,,,,,
1988,29,894143.4366,189404.3075,0.211827655,,,,,,,,,,,,,,,
1988,30,783186.0784,177721.3938,0.226921033,,,,,,,,,,,,,,,
1988,31,643034.5923,154099.3722,0.239643985,,,,,,,,,,,,,,,
1988,32,438998.1902,110683.3194,0.252127052,,,,,,,,,,,,,,,
1988,33,218282.7369,60152.60689,0.275571984,,,,,,,,,,,,,,,
1988,34,92809.24908,28137.7875,0.3031787,,,,,,,,,,,,,,,
1988,35,32609.67068,10426.74221,0.319743867,,,,,,,,,,,,,,,
1988,36,5613.287726,1887.153044,0.336193891,,,,,,,,,,,,,,,
1988,37,2088.466077,737.32723,0.353047262,,,,,,,,,,,,,,,
1988,38,0,0,0,,,,,,,,,,,,,,,
1989,9,736776.8427,6652.084255,0.009028628,,,,,,,,,,,,,,,
1989,10,0,0,0,,,,,,,,,,,,,,,
1989,11,368388.4214,3326.042128,0.009028628,,,,,,,,,,,,,,,
1989,12,360528.6909,6725.4667,0.018654456,,,,,,,,,,,,,,,
1989,13,11615.4003,440.2946673,0.037906112,,,,,,,,,,,,,,,
1989,14,448536.4214,15432.2594,0.034405811,,,,,,,,,,,,,,,
1989,15,102602.7027,3889.269562,0.037906112,,,,,,,,,,,,,,,
1989,16,322080.0389,12131.93547,0.037667455,,,,,,,,,,,,,,,
1989,17,338951.5937,12924.01407,0.03812938,,,,,,,,,,,,,,,
1989,18,499791.5422,19096.84325,0.038209617,,,,,,,,,,,,,,,
1989,19,430541.9137,17275.938,0.040126031,,,,,,,,,,,,,,,
1989,20,404512.9348,16814.48388,0.041567234,,,,,,,,,,,,,,,
1989,21,464643.317,23188.70142,0.049906456,,,,,,,,,,,,,,,
1989,22,413085.3197,26718.41128,0.064680128,,,,,,,,,,,,,,,
1989,23,453678.7238,37243.3711,0.08209195,,,,,,,,,,,,,,,
1989,24,337021.8318,38483.43167,0.114186762,,,,,,,,,,,,,,,
1989,25,260283.8141,35368.40273,0.135883988,,,,,,,,,,,,,,,
1989,26,328752.1804,49519.48032,0.150628599,,,,,,,,,,,,,,,
1989,27,392677.4847,65749.55624,0.167439079,,,,,,,,,,,,,,,
1989,28,472543.1112,90688.99911,0.191916879,,,,,,,,,,,,,,,
1989,29,508196.5755,107285.1643,0.211109577,,,,,,,,,,,,,,,
1989,30,622117.7341,138698.8859,0.222946363,,,,,,,,,,,,,,,
1989,31,715833.8573,167277.6225,0.233682189,,,,,,,,,,,,,,,
1989,32,635114.7057,155821.7554,0.245344272,,,,,,,,,,,,,,,
1989,33,408745.0217,110346.0902,0.269963142,,,,,,,,,,,,,,,
1989,34,173596.2658,52316.11377,0.301366585,,,,,,,,,,,,,,,
1989,35,56314.50343,17971.36906,0.319125056,,,,,,,,,,,,,,,
1989,36,10408.45185,3533.588751,0.339492251,,,,,,,,,,,,,,,
1989,37,3096.736848,1073.376673,0.346615397,,,,,,,,,,,,,,,
1989,38,0,0,0,,,,,,,,,,,,,,,
1990,9,501337.7694,6636.021792,0.013236628,,,,,,,,,,,,,,,
1990,10,0,0,0,,,,,,,,,,,,,,,
1990,11,250668.8847,3318.010896,0.013236628,,,,,,,,,,,,,,,
1990,12,326818.0582,6719.111143,0.02055918,,,,,,,,,,,,,,,
1990,13,14161.2349,498.5361033,0.035204282,,,,,,,,,,,,,,,
1990,14,481895.9622,15681.63475,0.032541536,,,,,,,,,,,,,,,
1990,15,125090.9083,4403.735579,0.035204282,,,,,,,,,,,,,,,
1990,16,379431.6612,13288.73296,0.035022731,,,,,,,,,,,,,,,
1990,17,412544.1597,14643.0346,0.035494466,,,,,,,,,,,,,,,
1990,18,607938.4377,21641.84895,0.035598751,,,,,,,,,,,,,,,
1990,19,516535.8854,19674.61487,0.038089541,,,,,,,,,,,,,,,
1990,20,480669.3687,19208.84284,0.039962694,,,,,,,,,,,,,,,
1990,21,527817.8906,26813.83464,0.050801299,,,,,,,,,,,,,,,
1990,22,445938.4106,31216.95958,0.07000285,,,,,,,,,,,,,,,
1990,23,489014.577,43618.37968,0.089196482,,,,,,,,,,,,,,,
1990,24,387966.6464,44638.64327,0.11505794,,,,,,,,,,,,,,,
1990,25,306999.1878,40547.58845,0.132077185,,,,,,,,,,,,,,,
1990,26,361332.3058,52217.82815,0.144514696,,,,,,,,,,,,,,,
1990,27,326393.3103,52670.89556,0.161372473,,,,,,,,,,,,,,,
1990,28,274039.4914,51292.02933,0.187170211,,,,,,,,,,,,,,,
1990,29,233312.1734,48563.31604,0.208147373,,,,,,,,,,,,,,,
1990,30,281654.2382,62264.86436,0.221068445,,,,,,,,,,,,,,,
1990,31,419009.7457,96653.91621,0.230672239,,,,,,,,,,,,,,,
1990,32,497539.3026,119430.3257,0.240041993,,,,,,,,,,,,,,,
1990,33,466430.9488,120723.5416,0.258824038,,,,,,,,,,,,,,,
1990,34,293781.1627,85102.95919,0.28968147,,,,,,,,,,,,,,,
1990,35,102259.2398,31583.64832,0.308858626,,,,,,,,,,,,,,,
1990,36,19361.98015,6343.8184,0.327643059,,,,,,,,,,,,,,,
1990,37,6698.778708,2343.940211,0.349905604,,,,,,,,,,,,,,,
1990,38,0,0,0,,,,,,,,,,,,,,,
1991,9,251769.2787,2786.575279,0.011067972,,,,,,,,,,,,,,,
1991,10,0,0,0,,,,,,,,,,,,,,,
1991,11,125884.6393,1393.287639,0.011067972,,,,,,,,,,,,,,,
1991,12,126716.7056,2860.90042,0.022577137,,,,,,,,,,,,,,,
1991,13,9780.596007,445.9508454,0.045595467,,,,,,,,,,,,,,,
1991,14,186634.161,7728.579644,0.041410316,,,,,,,,,,,,,,,
1991,15,86395.26473,3939.232468,0.045595467,,,,,,,,,,,,,,,
1991,16,227593.8672,10312.30455,0.045310116,,,,,,,,,,,,,,,
1991,17,287593.2367,13184.13723,0.045843002,,,,,,,,,,,,,,,
1991,18,425202.0114,19530.36149,0.045931959,,,,,,,,,,,,,,,
1991,19,387605.5837,18627.03213,0.048056666,,,,,,,,,,,,,,,
1991,20,377090.2134,18724.23072,0.049654513,,,,,,,,,,,,,,,
1991,21,493009.2522,29038.30191,0.058900116,,,,,,,,,,,,,,,
1991,22,486978.623,36659.51746,0.075279521,,,,,,,,,,,,,,,
1991,23,570041.0386,52361.73286,0.091856076,,,,,,,,,,,,,,,
1991,24,445773.9893,51200.30445,0.114857093,,,,,,,,,,,,,,,
1991,25,336664.0479,43779.22255,0.130038306,,,,,,,,,,,,,,,
1991,26,380177.1639,53691.00932,0.141226287,,,,,,,,,,,,,,,
1991,27,337471.9805,52867.62606,0.156657824,,,,,,,,,,,,,,,
1991,28,264237.8211,47662.49531,0.180377264,,,,,,,,,,,,,,,
1991,29,189353.9016,37818.33051,0.199723006,,,,,,,,,,,,,,,
1991,30,171557.1069,36368.0493,0.211988008,,,,,,,,,,,,,,,
1991,31,196197.9507,43597.06625,0.22220959,,,,,,,,,,,,,,,
1991,32,241576.6189,56107.88603,0.232257105,,,,,,,,,,,,,,,
1991,33,275352.5416,69304.76797,0.251694673,,,,,,,,,,,,,,,
1991,34,274614.0082,76225.41262,0.277572922,,,,,,,,,,,,,,,
1991,35,109989.3127,32606.683,0.296453193,,,,,,,,,,,,,,,
1991,36,18907.05172,5958.645103,0.315154641,,,,,,,,,,,,,,,
1991,37,9261.609259,3032.994591,0.327480301,,,,,,,,,,,,,,,
1991,38,0,0,0,,,,,,,,,,,,,,,
1992,9,362463.8024,3836.546786,0.010584634,,,,,,,,,,,,,,,
1992,10,0,0,0,,,,,,,,,,,,,,,
1992,11,181231.9012,1918.273393,0.010584634,,,,,,,,,,,,,,,
1992,12,210337.3762,3860.092233,0.018351908,,,,,,,,,,,,,,,
1992,13,4169.001372,141.2726827,0.033886456,,,,,,,,,,,,,,,
1992,14,269007.5792,8355.911539,0.031061993,,,,,,,,,,,,,,,
1992,15,36826.17879,1247.908697,0.033886456,,,,,,,,,,,,,,,
1992,16,140788.9847,4743.727046,0.033693879,,,,,,,,,,,,,,,
1992,17,126172.4634,4320.931575,0.034246233,,,,,,,,,,,,,,,
1992,18,188380.5849,6475.682016,0.034375528,,,,,,,,,,,,,,,
1992,19,203739.5254,7632.829228,0.037463665,,,,,,,,,,,,,,,
1992,20,214386.963,8529.6084,0.039786041,,,,,,,,,,,,,,,
1992,21,332830.8492,17714.58329,0.053223982,,,,,,,,,,,,,,,
1992,22,341879.5877,26335.15152,0.077030488,,,,,,,,,,,,,,,
1992,23,407794.266,40251.87091,0.098706319,,,,,,,,,,,,,,,
1992,24,362066.5427,43805.38998,0.120987125,,,,,,,,,,,,,,,
1992,25,312440.5342,42238.23975,0.135188092,,,,,,,,,,,,,,,
1992,26,387252.4635,56184.59683,0.145085189,,,,,,,,,,,,,,,
1992,27,343659.4227,54089.48316,0.157392696,,,,,,,,,,,,,,,
1992,28,257397.7989,45538.03891,0.176916971,,,,,,,,,,,,,,,
1992,29,178301.9831,34685.99815,0.194535123,,,,,,,,,,,,,,,
1992,30,151558.4592,31384.05341,0.207075564,,,,,,,,,,,,,,,
1992,31,140187.1702,30527.27406,0.217760827,,,,,,,,,,,,,,,
1992,32,132956.6109,30389.95756,0.228570489,,,,,,,,,,,,,,,
1992,33,128248.6311,32034.41706,0.249783696,,,,,,,,,,,,,,,
1992,34,148559.1806,41113.28243,0.276746831,,,,,,,,,,,,,,,
1992,35,66327.47464,19470.89522,0.293557011,,,,,,,,,,,,,,,
1992,36,10169.04008,3177.262574,0.31244469,,,,,,,,,,,,,,,
1992,37,6242.721894,2004.546725,0.321101398,,,,,,,,,,,,,,,
1992,38,0,0,0,,,,,,,,,,,,,,,
1993,9,763798.7917,14650.31799,0.01918086,,,,,,,,,,,,,,,
1993,10,0,0,0,,,,,,,,,,,,,,,
1993,11,381899.3958,7325.158996,0.01918086,,,,,,,,,,,,,,,
1993,12,626154.5324,14687.84543,0.023457221,,,,,,,,,,,,,,,
1993,13,7034.209064,225.1646319,0.032009943,,,,,,,,,,,,,,,
1993,14,997833.8113,30388.9317,0.030454903,,,,,,,,,,,,,,,
1993,15,62135.51339,1988.954248,0.032009943,,,,,,,,,,,,,,,
1993,16,370752.3249,11828.45163,0.031903918,,,,,,,,,,,,,,,
1993,17,203293.0415,6569.839449,0.03231709,,,,,,,,,,,,,,,
1993,18,298732.9695,9687.154544,0.03242747,,,,,,,,,,,,,,,
1993,19,238466.1648,8361.54362,0.035063857,,,,,,,,,,,,,,,
1993,20,212946.2243,7888.913038,0.037046503,,,,,,,,,,,,,,,
1993,21,196451.8693,9531.583179,0.048518669,,,,,,,,,,,,,,,
1993,22,140039.7422,9640.703709,0.068842627,,,,,,,,,,,,,,,
1993,23,153496.4684,13652.43862,0.088943015,,,,,,,,,,,,,,,
1993,24,173322.6111,19988.18507,0.115323586,,,,,,,,,,,,,,,
1993,25,186115.6719,24685.93452,0.132637592,,,,,,,,,,,,,,,
1993,26,267045.1799,38521.2192,0.14424982,,,,,,,,,,,,,,,
1993,27,260945.2124,40994.18,0.157098801,,,,,,,,,,,,,,,
1993,28,215706.7297,37958.28437,0.175971721,,,,,,,,,,,,,,,
1993,29,156081.8742,29855.69893,0.191282294,,,,,,,,,,,,,,,
1993,30,128908.4449,25941.79466,0.201242011,,,,,,,,,,,,,,,
1993,31,110756.7803,23329.06316,0.210633273,,,,,,,,,,,,,,,
1993,32,89174.82146,19724.28976,0.221186759,,,,,,,,,,,,,,,
1993,33,66701.28863,16282.55796,0.244111595,,,,,,,,,,,,,,,
1993,34,61011.27738,16754.6373,0.274615416,,,,,,,,,,,,,,,
1993,35,26775.62922,7821.65349,0.292118382,,,,,,,,,,,,,,,
1993,36,4053.946815,1261.051949,0.311067709,,,,,,,,,,,,,,,
1993,37,2409.37866,786.7577774,0.326539697,,,,,,,,,,,,,,,
1993,38,0,0,0,,,,,,,,,,,,,,,
1994,9,405390.0537,5850.632657,0.014432107,,,,,,,,,,,,,,,
1994,10,0,0,0,,,,,,,,,,,,,,,
1994,11,202695.0268,2925.316329,0.014432107,,,,,,,,,,,,,,,
1994,12,261425.2907,5950.200759,0.022760616,,,,,,,,,,,,,,,
1994,13,15155.8715,597.408612,0.039417635,,,,,,,,,,,,,,,
1994,14,400909.7724,14588.74027,0.036389086,,,,,,,,,,,,,,,
1994,15,133876.8649,5277.109406,0.039417635,,,,,,,,,,,,,,,
1994,16,379317.9029,14873.48857,0.039211143,,,,,,,,,,,,,,,
1994,17,437984.5079,17355.78982,0.039626493,,,,,,,,,,,,,,,
1994,18,643584.793,25551.31426,0.039701551,,,,,,,,,,,,,,,
1994,19,512855.8677,21280.5823,0.041494275,,,,,,,,,,,,,,,
1994,20,456893.2065,19574.4288,0.04284246,,,,,,,,,,,,,,,
1994,21,411563.0376,20842.97179,0.050643449,,,,,,,,,,,,,,,
1994,22,277551.4908,17891.96654,0.064463594,,,,,,,,,,,,,,,
1994,23,263653.7674,21139.44437,0.080178806,,,,,,,,,,,,,,,
1994,24,173725.1091,18685.86645,0.107559964,,,,,,,,,,,,,,,
1994,25,112755.8023,14206.47056,0.125993255,,,,,,,,,,,,,,,
1994,26,118427.4604,16410.46727,0.138569781,,,,,,,,,,,,,,,
1994,27,124472.742,19055.55554,0.153090189,,,,,,,,,,,,,,,
1994,28,123777.702,21591.5498,0.174438121,,,,,,,,,,,,,,,
1994,29,100615.2996,19262.09556,0.191443008,,,,,,,,,,,,,,,
1994,30,88392.86953,17851.04208,0.201951155,,,,,,,,,,,,,,,
1994,31,76799.91888,16188.66854,0.210790178,,,,,,,,,,,,,,,
1994,32,59537.80134,13096.53502,0.219970082,,,,,,,,,,,,,,,
1994,33,39298.31371,9398.644729,0.239161527,,,,,,,,,,,,,,,
1994,34,26155.50475,7022.479585,0.268489546,,,,,,,,,,,,,,,
1994,35,10103.09702,2913.28601,0.288355739,,,,,,,,,,,,,,,
1994,36,1683.318443,518.4778894,0.308009392,,,,,,,,,,,,,,,
1994,37,799.5728402,255.1346314,0.319088667,,,,,,,,,,,,,,,
1994,38,0,0,0,,,,,,,,,,,,,,,
1995,9,424025.8471,6861.076027,0.016180797,,,,,,,,,,,,,,,
1995,10,0,0,0,,,,,,,,,,,,,,,
1995,11,212012.9236,3430.538014,0.016180797,,,,,,,,,,,,,,,
1995,12,274235.9921,6916.651797,0.025221532,,,,,,,,,,,,,,,
1995,13,7700.496597,333.4546197,0.043303002,,,,,,,,,,,,,,,
1995,14,383198.1095,15333.84938,0.040015462,,,,,,,,,,,,,,,
1995,15,68021.05327,2945.515808,0.043303002,,,,,,,,,,,,,,,
1995,16,234445.2101,10099.63041,0.043078852,,,,,,,,,,,,,,,
1995,17,228205.3615,9926.871717,0.04349973,,,,,,,,,,,,,,,
1995,18,338320.5693,14740.7726,0.04357043,,,,,,,,,,,,,,,
1995,19,325927.4401,14751.16462,0.045259045,,,,,,,,,,,,,,,
1995,20,327438.2052,15235.35146,0.046528937,,,,,,,,,,,,,,,
1995,21,478118.6326,25759.54898,0.053876898,,,,,,,,,,,,,,,
1995,22,514352.9323,34407.36388,0.066894464,,,,,,,,,,,,,,,
1995,23,605441.0119,48992.12231,0.080919729,,,,,,,,,,,,,,,
1995,24,398674.6733,41113.43444,0.103125273,,,,,,,,,,,,,,,
1995,25,232407.5186,27414.60691,0.117959208,,,,,,,,,,,,,,,
1995,26,191747.9284,24824.88462,0.129466247,,,,,,,,,,,,,,,
1995,27,134297.0318,19729.88644,0.146912305,,,,,,,,,,,,,,,
1995,28,83629.40328,14560.6062,0.174108694,,,,,,,,,,,,,,,
1995,29,53563.84218,10511.01081,0.196233324,,,,,,,,,,,,,,,
1995,30,46632.47772,9792.963196,0.210003064,,,,,,,,,,,,,,,
1995,31,42677.64853,9422.734838,0.22078852,,,,,,,,,,,,,,,
1995,32,34239.83723,7928.042962,0.231544412,,,,,,,,,,,,,,,
1995,33,22398.71219,5666.136926,0.252967085,,,,,,,,,,,,,,,
1995,34,13876.50852,3922.526186,0.282673857,,,,,,,,,,,,,,,
1995,35,5473.696776,1640.156247,0.299643242,,,,,,,,,,,,,,,
1995,36,882.2463084,282.6966463,0.320428256,,,,,,,,,,,,,,,
1995,37,439.5366631,143.2619051,0.325938465,,,,,,,,,,,,,,,
1995,38,0,0,0,,,,,,,,,,,,,,,
1996,9,312891.3878,3733.16196,0.011931175,,,,,,,,,,,,,,,
1996,10,0,0,0,,,,,,,,,,,,,,,
1996,11,156445.6939,1866.58098,0.011931175,,,,,,,,,,,,,,,
1996,12,187160.339,3785.449696,0.020225704,,,,,,,,,,,,,,,
1996,13,8521.755785,313.7264186,0.036814763,,,,,,,,,,,,,,,
1996,14,265770.6571,8982.668276,0.03379857,,,,,,,,,,,,,,,
1996,15,75275.50944,2771.250031,0.036814763,,,,,,,,,,,,,,,
1996,16,222379.3093,8141.109352,0.036609113,,,,,,,,,,,,,,,
1996,17,248877.6889,9245.430344,0.03714849,,,,,,,,,,,,,,,
1996,18,367077.2133,13680.38894,0.037268423,,,,,,,,,,,,,,,
1996,19,317663.9298,12748.7951,0.040132964,,,,,,,,,,,,,,,
1996,20,298896.9857,12639.51333,0.042287189,,,,,,,,,,,,,,,
1996,21,341200.1612,18681.44568,0.05475216,,,,,,,,,,,,,,,
1996,22,296346.0087,22769.73377,0.07683496,,,,,,,,,,,,,,,
1996,23,344960.5964,33205.01996,0.096257429,,,,,,,,,,,,,,,
1996,24,345484.5014,39305.86305,0.113770264,,,,,,,,,,,,,,,
1996,25,331475.1808,41340.90903,0.124717962,,,,,,,,,,,,,,,
1996,26,420236.7998,56097.13104,0.133489335,,,,,,,,,,,,,,,
1996,27,313745.4,46442.28612,0.148025393,,,,,,,,,,,,,,,
1996,28,158594.2466,27467.65784,0.173194542,,,,,,,,,,,,,,,
1996,29,73208.73612,14465.06594,0.197586609,,,,,,,,,,,,,,,
1996,30,48052.80151,10366.04939,0.215722061,,,,,,,,,,,,,,,
1996,31,34923.97351,8028.299134,0.229879316,,,,,,,,,,,,,,,
1996,32,24878.28636,6057.213968,0.243473923,,,,,,,,,,,,,,,
1996,33,15889.13961,4275.011209,0.269052404,,,,,,,,,,,,,,,
1996,34,9237.722456,2818.120175,0.305066556,,,,,,,,,,,,,,,
1996,35,3459.453327,1119.237845,0.323530263,,,,,,,,,,,,,,,
1996,36,597.5893749,204.3792198,0.342006114,,,,,,,,,,,,,,,
1996,37,261.6901059,91.46016601,0.34949799,,,,,,,,,,,,,,,
1996,38,0,0,0,,,,,,,,,,,,,,,
1997,9,544904.2742,10981.20696,0.020152543,,,,,,,,,,,,,,,
1997,10,0,0,0,,,,,,,,,,,,,,,
1997,11,272452.1371,5490.603481,0.020152543,,,,,,,,,,,,,,,
1997,12,441009.1103,11016.57825,0.024980387,,,,,,,,,,,,,,,
1997,13,6127.361159,212.2277376,0.034636075,,,,,,,,,,,,,,,
1997,14,699143.4084,22988.18132,0.032880495,,,,,,,,,,,,,,,
1997,15,54125.02357,1874.678349,0.034636075,,,,,,,,,,,,,,,
1997,16,282044.6231,9735.158234,0.034516376,,,,,,,,,,,,,,,
1997,17,180701.2156,6302.647884,0.034878835,,,,,,,,,,,,,,,
1997,18,267434.5512,9351.137125,0.034966077,,,,,,,,,,,,,,,
1997,19,248435.6428,9204.492728,0.037049807,,,,,,,,,,,,,,,
1997,20,243953.1461,9420.699181,0.038616838,,,,,,,,,,,,,,,
1997,21,324856.1161,15490.48237,0.047684133,,,,,,,,,,,,,,,
1997,22,318998.22,20335.3871,0.063747651,,,,,,,,,,,,,,,
1997,23,365903.9746,29952.42722,0.08185871,,,,,,,,,,,,,,,
1997,24,288818.3817,32627.49859,0.112968913,,,,,,,,,,,,,,,
1997,25,236093.5123,31610.48238,0.13388967,,,,,,,,,,,,,,,
1997,26,297297.6443,43726.79887,0.147080879,,,,,,,,,,,,,,,
1997,27,299949.8563,47847.73504,0.159519113,,,,,,,,,,,,,,,
1997,28,257510.1221,46026.07937,0.17873503,,,,,,,,,,,,,,,
1997,29,170808.1603,33691.13662,0.197245474,,,,,,,,,,,,,,,
1997,30,110016.1259,23290.17006,0.211697784,,,,,,,,,,,,,,,
1997,31,65715.75432,14821.0879,0.225533254,,,,,,,,,,,,,,,
1997,32,34771.53889,8351.308439,0.240176555,,,,,,,,,,,,,,,
1997,33,16158.55604,4358.494471,0.269732918,,,,,,,,,,,,,,,
1997,34,8616.076932,2641.781681,0.306610735,,,,,,,,,,,,,,,
1997,35,3313.945071,1096.238864,0.330795725,,,,,,,,,,,,,,,
1997,36,530.628794,187.6269254,0.353593562,,,,,,,,,,,,,,,
1997,37,257.6505038,94.88511627,0.368270641,,,,,,,,,,,,,,,
1997,38,0,0,0,,,,,,,,,,,,,,,
1998,9,304758.5276,4138.228372,0.013578712,,,,,,,,,,,,,,,
1998,10,0,0,0,,,,,,,,,,,,,,,
1998,11,152379.2638,2069.114186,0.013578712,,,,,,,,,,,,,,,
1998,12,182005.7444,4206.14441,0.023109954,,,,,,,,,,,,,,,
1998,13,9662.619625,407.4962255,0.042172438,,,,,,,,,,,,,,,
1998,14,264710.4088,10246.02183,0.038706532,,,,,,,,,,,,,,,
1998,15,85353.14002,3599.549992,0.042172438,,,,,,,,,,,,,,,
1998,16,243681.0372,10219.0387,0.041936126,,,,,,,,,,,,,,,
1998,17,280309.8852,11876.56481,0.042369411,,,,,,,,,,,,,,,
1998,18,412459.2895,17504.85416,0.042440199,,,,,,,,,,,,,,,
1998,19,339273.695,14972.45915,0.044130917,,,,,,,,,,,,,,,
1998,20,309170.9519,14037.10006,0.04540239,,,,,,,,,,,,,,,
1998,21,312043.2227,16463.24517,0.052759502,,,,,,,,,,,,,,,
1998,22,244513.5619,16087.34922,0.06579328,,,,,,,,,,,,,,,
1998,23,266902.0284,21274.55264,0.079709221,,,,,,,,,,,,,,,
1998,24,241789.0064,24507.14827,0.101357579,,,,,,,,,,,,,,,
1998,25,219149.5078,25376.96447,0.115797497,,,,,,,,,,,,,,,
1998,26,284796.4718,36182.43979,0.127046657,,,,,,,,,,,,,,,
1998,27,267382.5764,38498.1876,0.143981661,,,,,,,,,,,,,,,
1998,28,218397.9413,36971.94541,0.16928706,,,,,,,,,,,,,,,
1998,29,162317.487,30513.79592,0.187988346,,,,,,,,,,,,,,,
1998,30,136395.9135,27104.19784,0.198717081,,,,,,,,,,,,,,,
1998,31,102530.4402,21434.50529,0.20905504,,,,,,,,,,,,,,,
1998,32,62113.24845,13726.83179,0.220996843,,,,,,,,,,,,,,,
1998,33,24301.06466,6018.691348,0.24767192,,,,,,,,,,,,,,,
1998,34,8248.861555,2340.26304,0.283707397,,,,,,,,,,,,,,,
1998,35,2589.799936,789.9159532,0.305010415,,,,,,,,,,,,,,,
1998,36,471.3433689,153.517105,0.325701209,,,,,,,,,,,,,,,
1998,37,128.3955589,46.5857307,0.362829767,,,,,,,,,,,,,,,
1998,38,0,0,0,,,,,,,,,,,,,,,
1999,9,769770.6078,20481.81778,0.02660769,,,,,,,,,,,,,,,
1999,10,0,0,0,,,,,,,,,,,,,,,
1999,11,384885.3039,10240.90889,0.02660769,,,,,,,,,,,,,,,
1999,12,617591.041,20523.54404,0.033231609,,,,,,,,,,,,,,,
1999,13,5386.414884,250.3575853,0.046479447,,,,,,,,,,,,,,,
1999,14,956954.3965,42173.69722,0.044070749,,,,,,,,,,,,,,,
1999,15,47579.99814,2211.492003,0.046479447,,,,,,,,,,,,,,,
1999,16,329223.5549,15248.06059,0.046315218,,,,,,,,,,,,,,,
1999,17,158076.6447,7381.069948,0.046692982,,,,,,,,,,,,,,,
1999,18,233555.4559,10923.32359,0.046769721,,,,,,,,,,,,,,,
1999,19,210089.9125,10210.91519,0.048602596,,,,,,,,,,,,,,,
1999,20,202923.5295,10142.31602,0.049980976,,,,,,,,,,,,,,,
1999,21,260384.3928,15091.01502,0.05795668,,,,,,,,,,,,,,,
1999,22,256454.7256,18486.88461,0.072086348,,,,,,,,,,,,,,,
1999,23,302867.7367,26173.58509,0.086419192,,,,,,,,,,,,,,,
1999,24,243092.8485,25868.40641,0.106413687,,,,,,,,,,,,,,,
1999,25,187760.9438,22459.48354,0.119617441,,,,,,,,,,,,,,,
1999,26,219396.2235,28311.15976,0.129041236,,,,,,,,,,,,,,,
1999,27,209385.1408,29590.71813,0.141321958,,,,,,,,,,,,,,,
1999,28,179106.6208,28757.6624,0.160561694,,,,,,,,,,,,,,,
1999,29,133886.9294,23728.50036,0.177227908,,,,,,,,,,,,,,,
1999,30,114031.503,21470.07676,0.188281976,,,,,,,,,,,,,,,
1999,31,98698.51435,19402.45218,0.196583022,,,,,,,,,,,,,,,
1999,32,70354.39221,14419.50383,0.204955275,,,,,,,,,,,,,,,
1999,33,34931.36652,7772.57673,0.222509953,,,,,,,,,,,,,,,
1999,34,9930.726788,2513.594609,0.253112855,,,,,,,,,,,,,,,
1999,35,3382.919391,923.7076392,0.273050443,,,,,,,,,,,,,,,
1999,36,460.0546157,136.4293743,0.296550387,,,,,,,,,,,,,,,
1999,37,188.7019329,56.32337221,0.298477982,,,,,,,,,,,,,,,
1999,38,0,0,0,,,,,,,,,,,,,,,
2000,9,299302.5144,7653.135154,0.025569899,,,,,,,,,,,,,,,
2000,10,0,0,0,,,,,,,,,,,,,,,
2000,11,149651.2572,3826.567577,0.025569899,,,,,,,,,,,,,,,
2000,12,210174.0299,7789.091813,0.037060201,,,,,,,,,,,,,,,
2000,13,13586.42608,815.7399547,0.060040805,,,,,,,,,,,,,,,
2000,14,344578.3648,19249.01342,0.055862513,,,,,,,,,,,,,,,
2000,15,120013.4304,7205.702933,0.060040805,,,,,,,,,,,,,,,
2000,16,337060.6005,20141.36667,0.059755921,,,,,,,,,,,,,,,
2000,17,392480.6023,23641.99514,0.06023736,,,,,,,,,,,,,,,
2000,18,576639.5787,34775.97765,0.060307996,,,,,,,,,,,,,,,
2000,19,457734.9838,28377.33589,0.061995121,,,,,,,,,,,,,,,
2000,20,406351.508,25707.3781,0.063263892,,,,,,,,,,,,,,,
2000,21,355700.6038,25114.37279,0.07060537,,,,,,,,,,,,,,,
2000,22,223011.3737,18646.30404,0.083611449,,,,,,,,,,,,,,,
2000,23,209843.6258,20313.26852,0.096801933,,,,,,,,,,,,,,,
2000,24,174777.5604,20133.39774,0.115194409,,,,,,,,,,,,,,,
2000,25,143188.871,18233.62723,0.127339695,,,,,,,,,,,,,,,
2000,26,172185.1934,23492.76324,0.136438928,,,,,,,,,,,,,,,
2000,27,158471.7397,23668.65169,0.149355663,,,,,,,,,,,,,,,
2000,28,128623.5664,21752.83016,0.169120098,,,,,,,,,,,,,,,
2000,29,95148.27406,17594.08587,0.184912297,,,,,,,,,,,,,,,
2000,30,82782.20957,16105.31502,0.194550437,,,,,,,,,,,,,,,
2000,31,73270.48237,14810.84204,0.202139273,,,,,,,,,,,,,,,
2000,32,58302.82102,12196.0492,0.209184547,,,,,,,,,,,,,,,
2000,33,38013.06646,8459.332657,0.222537497,,,,,,,,,,,,,,,
2000,34,15655.09176,3832.887844,0.244833304,,,,,,,,,,,,,,,
2000,35,3946.691622,1048.372288,0.265633191,,,,,,,,,,,,,,,
2000,36,962.7149538,272.4067559,0.282956814,,,,,,,,,,,,,,,
2000,37,95.2254236,28.92072085,0.303707978,,,,,,,,,,,,,,,
2000,38,0,0,0,,,,,,,,,,,,,,,
2001,9,676798.7776,16283.8092,0.024060045,,,,,,,,,,,,,,,
2001,10,0,0,0,,,,,,,,,,,,,,,
2001,11,338399.3888,8141.904601,0.024060045,,,,,,,,,,,,,,,
2001,12,463903.3862,16338.48112,0.035219577,,,,,,,,,,,,,,,
2001,13,5701.064313,328.0314933,0.057538641,,,,,,,,,,,,,,,
2001,14,638606.9927,34153.10396,0.053480629,,,,,,,,,,,,,,,
2001,15,50359.40143,2897.611525,0.057538641,,,,,,,,,,,,,,,
2001,16,256759.1968,14702.53447,0.057261958,,,,,,,,,,,,,,,
2001,17,168735.1253,9754.231121,0.057807947,,,,,,,,,,,,,,,
2001,18,250042.5513,14478.64601,0.057904728,,,,,,,,,,,,,,,
2001,19,238754.5257,14376.91603,0.060216308,,,,,,,,,,,,,,,
2001,20,238659.2022,14786.05652,0.061954688,,,,,,,,,,,,,,,
2001,21,342714.9015,24680.08688,0.072013463,,,,,,,,,,,,,,,
2001,22,364072.0888,32705.8605,0.089833474,,,,,,,,,,,,,,,
2001,23,438750.3267,46516.47406,0.106020375,,,,,,,,,,,,,,,
2001,24,321989.7527,39450.83721,0.122522027,,,,,,,,,,,,,,,
2001,25,201942.4882,26863.9235,0.133027595,,,,,,,,,,,,,,,
2001,26,179342.846,25343.63807,0.141313906,,,,,,,,,,,,,,,
2001,27,139456.7965,21523.68457,0.154339445,,,,,,,,,,,,,,,
2001,28,98384.22919,17238.0367,0.175211381,,,,,,,,,,,,,,,
2001,29,64805.80316,12507.41377,0.192998361,,,,,,,,,,,,,,,
2001,30,52741.05137,10791.58569,0.204614535,,,,,,,,,,,,,,,
2001,31,47353.34155,10106.6665,0.213430904,,,,,,,,,,,,,,,
2001,32,39324.98274,8699.307168,0.221215791,,,,,,,,,,,,,,,
2001,33,28554.9164,6689.471867,0.234266904,,,,,,,,,,,,,,,
2001,34,19031.49473,4707.390069,0.247347365,,,,,,,,,,,,,,,
2001,35,7388.832546,1938.300927,0.262328442,,,,,,,,,,,,,,,
2001,36,1202.825808,341.6697242,0.284055864,,,,,,,,,,,,,,,
2001,37,566.918063,166.217559,0.293195031,,,,,,,,,,,,,,,
2001,38,0,0,0,,,,,,,,,,,,,,,
2002,9,904180.0051,18342.87465,0.020286751,,,,,,,,,,,,,,,
2002,10,0,0,0,,,,,,,,,,,,,,,
2002,11,452090.0026,9171.437325,0.020286751,,,,,,,,,,,,,,,
2002,12,626639.5303,18439.23731,0.029425589,,,,,,,,,,,,,,,
2002,13,12120.25942,578.1759483,0.047703265,,,,,,,,,,,,,,,
2002,14,889594.8795,39480.26638,0.044380051,,,,,,,,,,,,,,,
2002,15,107062.2915,5107.220877,0.047703265,,,,,,,,,,,,,,,
2002,16,436739.7901,20734.95629,0.047476682,,,,,,,,,,,,,,,
2002,17,350134.7988,16811.50229,0.048014371,,,,,,,,,,,,,,,
2002,18,514431.9051,24757.64005,0.048126175,,,,,,,,,,,,,,,
2002,19,408865.4697,20768.95569,0.050796551,,,,,,,,,,,,,,,
2002,20,363688.1376,19204.46393,0.052804758,,,,,,,,,,,,,,,
2002,21,326347.1156,21024.85538,0.064424824,,,,,,,,,,,,,,,
2002,22,221036.0552,18790.45212,0.085010801,,,,,,,,,,,,,,,
2002,23,227292.4532,23607.22135,0.103862759,,,,,,,,,,,,,,,
2002,24,214655.3293,26537.73836,0.123629534,,,,,,,,,,,,,,,
2002,25,198139.0381,26998.84711,0.136262129,,,,,,,,,,,,,,,
2002,26,250424.4176,36280.90667,0.144877672,,,,,,,,,,,,,,,
2002,27,202694.5265,31451.90214,0.155168976,,,,,,,,,,,,,,,
2002,28,122387.9829,21044.90054,0.171952344,,,,,,,,,,,,,,,
2002,29,67742.20916,12741.14669,0.188082834,,,,,,,,,,,,,,,
2002,30,48483.01535,9707.510196,0.200224968,,,,,,,,,,,,,,,
2002,31,37045.92455,7795.374708,0.210424623,,,,,,,,,,,,,,,
2002,32,27952.57532,6148.33092,0.219955795,,,,,,,,,,,,,,,
2002,33,20022.28094,4726.070055,0.236040542,,,,,,,,,,,,,,,
2002,34,14933.4886,3700.977627,0.247830746,,,,,,,,,,,,,,,
2002,35,5961.440024,1515.883229,0.254281386,,,,,,,,,,,,,,,
2002,36,1059.363174,277.0783642,0.261551818,,,,,,,,,,,,,,,
2002,37,459.2659491,131.3309608,0.28595841,,,,,,,,,,,,,,,
2002,38,0,0,0,,,,,,,,,,,,,,,
2003,9,442264.7923,6621.464988,0.014971721,,,,,,,,,,,,,,,
2003,10,0,0,0,,,,,,,,,,,,,,,
2003,11,221132.3962,3310.732494,0.014971721,,,,,,,,,,,,,,,
2003,12,271354.954,6738.133469,0.024831437,,,,,,,,,,,,,,,
2003,13,15712.62003,700.010887,0.04455087,,,,,,,,,,,,,,,
2003,14,405861.237,16626.31593,0.040965518,,,,,,,,,,,,,,,
2003,15,138794.8102,6183.429502,0.04455087,,,,,,,,,,,,,,,
2003,16,390709.8028,17310.95023,0.044306414,,,,,,,,,,,,,,,
2003,17,455689.1598,20412.31612,0.044794386,,,,,,,,,,,,,,,
2003,18,670451.3889,30091.13198,0.0448819,,,,,,,,,,,,,,,
2003,19,550206.9541,25844.38584,0.046972118,,,,,,,,,,,,,,,
2003,20,500570.0668,24299.68709,0.048544028,,,,,,,,,,,,,,,
2003,21,501247.8691,28891.70346,0.057639554,,,,,,,,,,,,,,,
2003,22,389013.9109,28690.97595,0.073753085,,,,,,,,,,,,,,,
2003,23,403053.7352,36521.4564,0.090611879,,,,,,,,,,,,,,,
2003,24,271966.3701,31488.96413,0.115782566,,,,,,,,,,,,,,,
2003,25,170574.5416,22602.99733,0.132510966,,,,,,,,,,,,,,,
2003,26,163429.0116,23419.12635,0.143298464,,,,,,,,,,,,,,,
2003,27,147392.0024,22682.11525,0.153889729,,,,,,,,,,,,,,,
2003,28,122964.8555,20760.292,0.168831102,,,,,,,,,,,,,,,
2003,29,84237.75512,15216.61668,0.180638915,,,,,,,,,,,,,,,
2003,30,59120.46043,11133.56799,0.188320049,,,,,,,,,,,,,,,
2003,31,39352.90255,7727.325475,0.196359734,,,,,,,,,,,,,,,
2003,32,24239.21106,4979.111681,0.205415583,,,,,,,,,,,,,,,
2003,33,13985.68552,3135.060392,0.224162083,,,,,,,,,,,,,,,
2003,34,9628.782704,2328.643315,0.241841922,,,,,,,,,,,,,,,
2003,35,3899.736904,961.6936454,0.24660475,,,,,,,,,,,,,,,
2003,36,690.3141217,173.206413,0.250909561,,,,,,,,,,,,,,,
2003,37,330.4327857,84.27209016,0.255035498,,,,,,,,,,,,,,,
2003,38,0,0,0,,,,,,,,,,,,,,,
2004,9,191566.4274,2469.492536,0.012891051,,,,,,,,,,,,,,,
2004,10,0,0,0,,,,,,,,,,,,,,,
2004,11,95783.21372,1234.746268,0.012891051,,,,,,,,,,,,,,,
2004,12,121362.7598,2512.802348,0.020704888,,,,,,,,,,,,,,,
2004,13,7152.230875,259.8588754,0.036332563,,,,,,,,,,,,,,,
2004,14,184973.2381,6194.969636,0.033491167,,,,,,,,,,,,,,,
2004,15,63178.0394,2295.420066,0.036332563,,,,,,,,,,,,,,,
2004,16,177978.1912,6431.923775,0.036138831,,,,,,,,,,,,,,,
2004,17,212209.7798,7766.446994,0.036597969,,,,,,,,,,,,,,,
2004,18,314727.091,11548.39123,0.03669335,,,,,,,,,,,,,,,
2004,19,304364.6511,11861.53594,0.038971464,,,,,,,,,,,,,,,
2004,20,305321.022,12421.88716,0.040684677,,,,,,,,,,,,,,,
2004,21,432311.2787,21874.01112,0.050597827,,,,,,,,,,,,,,,
2004,22,439039.8793,29924.89236,0.06815985,,,,,,,,,,,,,,,
2004,23,511328.7441,43467.99331,0.085009876,,,,,,,,,,,,,,,
2004,24,379183.3822,39970.61312,0.105412355,,,,,,,,,,,,,,,
2004,25,262901.8083,31202.65955,0.118685603,,,,,,,,,,,,,,,
2004,26,265019.48,34098.63975,0.128664654,,,,,,,,,,,,,,,
2004,27,200192.65,28577.23782,0.142748686,,,,,,,,,,,,,,,
2004,28,123116.0538,20131.0826,0.163513059,,,,,,,,,,,,,,,
2004,29,72816.10489,13015.07636,0.178738981,,,,,,,,,,,,,,,
2004,30,55022.11902,10275.49006,0.186751987,,,,,,,,,,,,,,,
2004,31,41388.64695,7959.466426,0.19231038,,,,,,,,,,,,,,,
2004,32,26873.16282,5326.290051,0.198201086,,,,,,,,,,,,,,,
2004,33,13031.26372,2753.70123,0.21131498,,,,,,,,,,,,,,,
2004,34,5114.305552,1195.193727,0.233696191,,,,,,,,,,,,,,,
2004,35,1869.663103,449.8144954,0.240585855,,,,,,,,,,,,,,,
2004,36,311.1888767,77.49006433,0.249012963,,,,,,,,,,,,,,,
2004,37,126.8301098,32.10794375,0.253157108,,,,,,,,,,,,,,,
2004,38,0,0,0,,,,,,,,,,,,,,,
2005,9,193946.6757,4794.738503,0.024721942,,,,,,,,,,,,,,,
2005,10,0,0,0,,,,,,,,,,,,,,,
2005,11,96973.33784,2397.369252,0.024721942,,,,,,,,,,,,,,,
2005,12,165589.024,4817.082993,0.029090594,,,,,,,,,,,,,,,
2005,13,3544.1288,134.0669367,0.037827896,,,,,,,,,,,,,,,
2005,14,282496.3062,10237.4672,0.036239296,,,,,,,,,,,,,,,
2005,15,31306.47107,1184.257941,0.037827896,,,,,,,,,,,,,,,
2005,16,134643.8012,5078.707985,0.037719583,,,,,,,,,,,,,,,
2005,17,104355.3107,3970.690315,0.03804972,,,,,,,,,,,,,,,
2005,18,154360.725,5885.6876,0.038129437,,,,,,,,,,,,,,,
2005,19,142014.5405,5685.332593,0.040033454,,,,,,,,,,,,,,,
2005,20,138845.6708,5757.282198,0.041465335,,,,,,,,,,,,,,,
2005,21,183917.2875,9149.99738,0.049750611,,,,,,,,,,,,,,,
2005,22,182331.719,11747.39782,0.064428712,,,,,,,,,,,,,,,
2005,23,225270.7206,17920.41442,0.079550571,,,,,,,,,,,,,,,
2005,24,238158.7323,24147.98171,0.101394484,,,,,,,,,,,,,,,
2005,25,242397.7103,28086.08163,0.115867768,,,,,,,,,,,,,,,
2005,26,329171.8329,41307.09644,0.125487944,,,,,,,,,,,,,,,
2005,27,285139.6115,38805.87221,0.136094287,,,,,,,,,,,,,,,
2005,28,192939.6701,29449.362,0.15263508,,,,,,,,,,,,,,,
2005,29,117350.306,19688.97453,0.16777949,,,,,,,,,,,,,,,
2005,30,83851.19802,14965.78926,0.178480327,,,,,,,,,,,,,,,
2005,31,57371.63213,10711.04963,0.18669592,,,,,,,,,,,,,,,
2005,32,33770.38955,6555.646947,0.194124114,,,,,,,,,,,,,,,
2005,33,14707.95665,3050.617701,0.207412748,,,,,,,,,,,,,,,
2005,34,5366.873121,1221.906849,0.227675747,,,,,,,,,,,,,,,
2005,35,1755.697232,426.0346487,0.242658381,,,,,,,,,,,,,,,
2005,36,310.151507,79.66624464,0.256862349,,,,,,,,,,,,,,,
2005,37,105.5778309,26.55774698,0.251546624,,,,,,,,,,,,,,,
2005,38,0,0,0,,,,,,,,,,,,,,,
2006,9,552219.0843,14127.90752,0.025583881,,,,,,,,,,,,,,,
2006,10,0,0,0,,,,,,,,,,,,,,,
2006,11,276109.5421,7063.953761,0.025583881,,,,,,,,,,,,,,,
2006,12,397096.806,14158.8411,0.035655893,,,,,,,,,,,,,,,
2006,13,3326.196283,185.6014712,0.055799915,,,,,,,,,,,,,,,
2006,14,559155.3844,29152.88882,0.052137366,,,,,,,,,,,,,,,
2006,15,29381.4005,1639.479662,0.055799915,,,,,,,,,,,,,,,
2006,16,193986.4112,10775.98318,0.055550196,,,,,,,,,,,,,,,
2006,17,96746.32407,5415.237905,0.055973578,,,,,,,,,,,,,,,
2006,18,142490.3333,7984.586585,0.056035988,,,,,,,,,,,,,,,
2006,19,119763.5944,6889.594388,0.057526617,,,,,,,,,,,,,,,
2006,20,110808.0471,6498.627844,0.058647616,,,,,,,,,,,,,,,
2006,21,120416.7889,7843.232743,0.065134047,,,,,,,,,,,,,,,
2006,22,103402.9342,7923.284248,0.076625333,,,,,,,,,,,,,,,
2006,23,119910.4236,10688.31256,0.089135809,,,,,,,,,,,,,,,
2006,24,115006.9221,12574.37348,0.109335797,,,,,,,,,,,,,,,
2006,25,107829.8303,13247.13788,0.122852256,,,,,,,,,,,,,,,
2006,26,155981.7755,20615.49193,0.132166029,,,,,,,,,,,,,,,
2006,27,193962.4246,27754.53733,0.143092341,,,,,,,,,,,,,,,
2006,28,207931.3226,33014.91714,0.158777988,,,,,,,,,,,,,,,
2006,29,165559.9317,28228.20333,0.170501419,,,,,,,,,,,,,,,
2006,30,130696.0608,23183.34786,0.177383677,,,,,,,,,,,,,,,
2006,31,98257.0712,18085.84991,0.18406665,,,,,,,,,,,,,,,
2006,32,61830.96324,11851.47892,0.19167547,,,,,,,,,,,,,,,
2006,33,27540.47819,5740.837839,0.208450914,,,,,,,,,,,,,,,
2006,34,7811.047664,1800.459844,0.23050171,,,,,,,,,,,,,,,
2006,35,2495.02843,613.2117358,0.245773446,,,,,,,,,,,,,,,
2006,36,385.0351625,101.0804572,0.262522666,,,,,,,,,,,,,,,
2006,37,114.4890317,32.14034726,0.280728615,,,,,,,,,,,,,,,
2006,38,0,0,0,,,,,,,,,,,,,,,
2007,9,370531.0006,10423.76016,0.028131952,,,,,,,,,,,,,,,
2007,10,0,0,0,,,,,,,,,,,,,,,
2007,11,185265.5003,5211.880078,0.028131952,,,,,,,,,,,,,,,
2007,12,285638.4297,10516.70962,0.036818259,,,,,,,,,,,,,,,
2007,13,10291.34209,557.696815,0.054190873,,,,,,,,,,,,,,,
2007,14,461337.1067,23543.05492,0.051032216,,,,,,,,,,,,,,,
2007,15,90906.85514,4926.321866,0.054190873,,,,,,,,,,,,,,,
2007,16,303208.1826,16365.81638,0.05397551,,,,,,,,,,,,,,,
2007,17,296608.6864,16151.26958,0.054453124,,,,,,,,,,,,,,,
2007,18,435423.1532,23751.18799,0.05454737,,,,,,,,,,,,,,,
2007,19,339025.9869,19256.13183,0.056798395,,,,,,,,,,,,,,,
2007,20,296770.3332,17358.46357,0.058491236,,,,,,,,,,,,,,,
2007,21,241028.6316,16459.00319,0.068286506,,,,,,,,,,,,,,,
2007,22,134503.5071,11518.83952,0.085639696,,,,,,,,,,,,,,,
2007,23,115964.097,11804.59362,0.101795245,,,,,,,,,,,,,,,
2007,24,89213.79472,10676.74507,0.119675944,,,,,,,,,,,,,,,
2007,25,66028.2428,8661.838806,0.131183846,,,,,,,,,,,,,,,
2007,26,77451.54764,10839.06298,0.13994637,,,,,,,,,,,,,,,
2007,27,89133.15482,13604.52736,0.152631503,,,,,,,,,,,,,,,
2007,28,101409.068,17393.86919,0.171521833,,,,,,,,,,,,,,,
2007,29,99919.9768,18542.9445,0.18557795,,,,,,,,,,,,,,,
2007,30,108852.5881,21030.71202,0.193203601,,,,,,,,,,,,,,,
2007,31,107552.1936,21371.12438,0.198704682,,,,,,,,,,,,,,,
2007,32,83848.80736,17121.65262,0.204196734,,,,,,,,,,,,,,,
2007,33,45810.64821,9898.340528,0.216070737,,,,,,,,,,,,,,,
2007,34,15326.02196,3667.550288,0.239302168,,,,,,,,,,,,,,,
2007,35,4335.529991,1103.992356,0.254638385,,,,,,,,,,,,,,,
2007,36,865.2784821,233.0476721,0.269332564,,,,,,,,,,,,,,,
2007,37,153.2739035,42.0058512,0.274057424,,,,,,,,,,,,,,,
2007,38,0,0,0,,,,,,,,,,,,,,,
2008,9,1117819.054,28567.72841,0.025556666,,,,,,,,,,,,,,,
2008,10,0,0,0,,,,,,,,,,,,,,,
2008,11,558909.527,14283.8642,0.025556666,,,,,,,,,,,,,,,
2008,12,843184.6551,28628.53104,0.033952861,,,,,,,,,,,,,,,
2008,13,7189.161589,364.8157978,0.050745249,,,,,,,,,,,,,,,
2008,14,1234979.132,58898.73318,0.047692088,,,,,,,,,,,,,,,
2008,15,63504.2607,3222.539547,0.050745249,,,,,,,,,,,,,,,
2008,16,427016.766,21580.18016,0.050537079,,,,,,,,,,,,,,,
2008,17,210615.021,10739.40885,0.050990707,,,,,,,,,,,,,,,
2008,18,310988.8764,15884.97547,0.051078918,,,,,,,,,,,,,,,
2008,19,276118.0873,14685.56151,0.053185801,,,,,,,,,,,,,,,
2008,20,264538.1001,14488.81577,0.054770242,,,,,,,,,,,,,,,
2008,21,329045.367,21038.59511,0.063938281,,,,,,,,,,,,,,,
2008,22,315456.1741,25293.36265,0.080180275,,,,,,,,,,,,,,,
2008,23,358173.024,34498.41193,0.096317728,,,,,,,,,,,,,,,
2008,24,232079.8216,27325.50031,0.117741819,,,,,,,,,,,,,,,
2008,25,123120.2566,16229.65741,0.131819555,,,,,,,,,,,,,,,
2008,26,86862.6614,12292.486,0.141516341,,,,,,,,,,,,,,,
2008,27,63957.97714,9797.328938,0.153183846,,,,,,,,,,,,,,,
2008,28,51283.34262,8787.772064,0.17135724,,,,,,,,,,,,,,,
2008,29,42397.74069,7945.057077,0.187393407,,,,,,,,,,,,,,,
2008,30,47765.0807,9469.108669,0.19824333,,,,,,,,,,,,,,,
2008,31,61940.89631,12779.72465,0.206321274,,,,,,,,,,,,,,,
2008,32,63781.01249,13611.13053,0.213404115,,,,,,,,,,,,,,,
2008,33,50867.1913,11473.30493,0.225554127,,,,,,,,,,,,,,,
2008,34,24995.1961,6055.673599,0.242273498,,,,,,,,,,,,,,,
2008,35,7998.441629,2071.810681,0.259026793,,,,,,,,,,,,,,,
2008,36,1521.527333,423.5124445,0.278346918,,,,,,,,,,,,,,,
2008,37,434.0970372,125.014803,0.287988151,,,,,,,,,,,,,,,
2008,38,0,0,0,,,,,,,,,,,,,,,
2009,9,421024.3597,7497.460641,0.017807665,,,,,,,,,,,,,,,
2009,10,0,0,0,,,,,,,,,,,,,,,
2009,11,210512.1799,3748.73032,0.017807665,,,,,,,,,,,,,,,
2009,12,273783.5644,7671.24282,0.028019369,,,,,,,,,,,,,,,
2009,13,21524.22101,1042.693074,0.048442779,,,,,,,,,,,,,,,
2009,14,447906.5303,20034.60447,0.044729432,,,,,,,,,,,,,,,
2009,15,190130.6189,9210.455489,0.048442779,,,,,,,,,,,,,,,
2009,16,510537.4167,24602.59181,0.048189596,,,,,,,,,,,,,,,
2009,17,620956.4901,30228.13677,0.048679959,,,,,,,,,,,,,,,
2009,18,911886.2719,44468.31307,0.048765196,,,,,,,,,,,,,,,
2009,19,716023.0117,36374.70901,0.050801034,,,,,,,,,,,,,,,
2009,20,630838.5613,33013.07331,0.052332047,,,,,,,,,,,,,,,
2009,21,532834.0692,32604.61561,0.061190936,,,,,,,,,,,,,,,
2009,22,321304.8193,24703.59945,0.076885244,,,,,,,,,,,,,,,
2009,23,295997.4644,27397.86941,0.092561163,,,,,,,,,,,,,,,
2009,24,243062.5523,27622.58856,0.11364395,,,,,,,,,,,,,,,
2009,25,199620.2817,25454.73777,0.127515789,,,,,,,,,,,,,,,
2009,26,228432.4018,31368.04511,0.13731872,,,,,,,,,,,,,,,
2009,27,162490.1875,24333.37741,0.149752904,,,,,,,,,,,,,,,
2009,28,76198.64014,12868.37654,0.168879346,,,,,,,,,,,,,,,
2009,29,33233.61211,6148.463734,0.185007387,,,,,,,,,,,,,,,
2009,30,25537.49396,4994.164474,0.195562042,,,,,,,,,,,,,,,
2009,31,26186.8698,5343.315504,0.204045598,,,,,,,,,,,,,,,
2009,32,29506.86335,6258.003179,0.212086358,,,,,,,,,,,,,,,
2009,33,30707.64584,6966.790699,0.22687479,,,,,,,,,,,,,,,
2009,34,25591.55468,6261.404468,0.244666826,,,,,,,,,,,,,,,
2009,35,9425.859417,2439.627742,0.258822844,,,,,,,,,,,,,,,
2009,36,1770.732219,487.0337503,0.275046529,,,,,,,,,,,,,,,
2009,37,698.6054941,200.9400197,0.287630174,,,,,,,,,,,,,,,
2009,38,0,0,0,,,,,,,,,,,,,,,
2010,9,223272.3171,4478.949898,0.02006048,,,,,,,,,,,,,,,
2010,10,0,0,0,,,,,,,,,,,,,,,
2010,11,111636.1586,2239.474949,0.02006048,,,,,,,,,,,,,,,
2010,12,145189.4395,4582.766605,0.031564049,,,,,,,,,,,,,,,
2010,13,11414.45284,622.9002406,0.054571187,,,,,,,,,,,,,,,
2010,14,237528.13,11968.58429,0.050388071,,,,,,,,,,,,,,,
2010,15,100827.6667,5502.28546,0.054571187,,,,,,,,,,,,,,,
2010,16,270741.7501,14697.47977,0.054285975,,,,,,,,,,,,,,,
2010,17,329297.7975,18058.1555,0.054838373,,,,,,,,,,,,,,,
2010,18,483580.0023,26565.17397,0.054934393,,,,,,,,,,,,,,,
2010,19,379712.2737,21730.09063,0.05722778,,,,,,,,,,,,,,,
2010,20,334538.3326,19721.8643,0.05895248,,,,,,,,,,,,,,,
2010,21,282565.829,19477.85347,0.068932091,,,,,,,,,,,,,,,
2010,22,170390.3108,14757.82129,0.086611857,,,,,,,,,,,,,,,
2010,23,156969.6342,16367.36627,0.104270908,,,,,,,,,,,,,,,
2010,24,128897.8606,16501.6125,0.128020841,,,,,,,,,,,,,,,
2010,25,105860.1048,15206.548,0.143647581,,,,,,,,,,,,,,,
2010,26,121139.3841,18739.13171,0.154690664,,,,,,,,,,,,,,,
2010,27,86169.74251,14536.65227,0.168697873,,,,,,,,,,,,,,,
2010,28,40408.69976,7687.511352,0.190243967,,,,,,,,,,,,,,,
2010,29,17624.02913,3673.065099,0.208412337,,,,,,,,,,,,,,,
2010,30,13542.72103,2983.491816,0.220302243,,,,,,,,,,,,,,,
2010,31,13887.08981,3192.0731,0.229859038,,,,,,,,,,,,,,,
2010,32,15647.70683,3738.50348,0.23891702,,,,,,,,,,,,,,,
2010,33,16284.49063,4161.930017,0.25557631,,,,,,,,,,,,,,,
2010,34,13571.38982,3740.535395,0.275619184,,,,,,,,,,,,,,,
2010,35,4998.602632,1457.422846,0.291566054,,,,,,,,,,,,,,,
2010,36,939.03233,290.951813,0.309842168,,,,,,,,,,,,,,,
2010,37,370.4756359,120.0406809,0.324017747,,,,,,,,,,,,,,,
2010,38,0,0,0,,,,,,,,,,,,,,,
2011,9,322027.3804,6460.023891,0.02006048,,,,,,,,,,,,,,,
2011,10,0,0,0,,,,,,,,,,,,,,,
2011,11,161013.6902,3230.011945,0.02006048,,,,,,,,,,,,,,,
2011,12,209407.8454,6609.759526,0.031564049,,,,,,,,,,,,,,,
2011,13,16463.15313,898.4138086,0.054571187,,,,,,,,,,,,,,,
2011,14,342588.6491,17262.38119,0.050388071,,,,,,,,,,,,,,,
2011,15,145424.5193,7935.988644,0.054571187,,,,,,,,,,,,,,,
2011,16,390492.9088,21198.28813,0.054285975,,,,,,,,,,,,,,,
2011,17,474948.7464,26045.41659,0.054838373,,,,,,,,,,,,,,,
2011,18,697471.1572,38315.15477,0.054934393,,,,,,,,,,,,,,,
2011,19,547661.9332,31341.47687,0.05722778,,,,,,,,,,,,,,,
2011,20,482507.2105,28444.99658,0.05895248,,,,,,,,,,,,,,,
2011,21,407546.8688,28093.05789,0.068932091,,,,,,,,,,,,,,,
2011,22,245755.2559,21285.31916,0.086611857,,,,,,,,,,,,,,,
2011,23,226398.5108,23606.77827,0.104270908,,,,,,,,,,,,,,,
2011,24,185910.3759,23800.40264,0.128020841,,,,,,,,,,,,,,,
2011,25,152682.8434,21932.52116,0.143647581,,,,,,,,,,,,,,,
2011,26,174720.2656,27027.59381,0.154690664,,,,,,,,,,,,,,,
2011,27,124283.2825,20966.32539,0.168697873,,,,,,,,,,,,,,,
2011,28,58281.7785,11087.75676,0.190243967,,,,,,,,,,,,,,,
2011,29,25419.27279,5297.690047,0.208412337,,,,,,,,,,,,,,,
2011,30,19532.77071,4303.113196,0.220302243,,,,,,,,,,,,,,,
2011,31,20029.45646,4603.951587,0.229859038,,,,,,,,,,,,,,,
2011,32,22568.80793,5392.072327,0.23891702,,,,,,,,,,,,,,,
2011,33,23487.24609,6002.783678,0.25557631,,,,,,,,,,,,,,,
2011,34,19574.11994,5395.002974,0.275619184,,,,,,,,,,,,,,,
2011,35,7209.523027,2102.052182,0.291566054,,,,,,,,,,,,,,,
2011,36,1354.373553,419.6420379,0.309842168,,,,,,,,,,,,,,,
2011,37,534.3398595,173.1355975,0.324017747,,,,,,,,,,,,,,,
2011,38,0,0,0,,,,,,,,,,,,,,,
2012,9,340633.4068,6833.269716,0.02006048,,,,,,,,,,,,,,,
2012,10,0,0,0,,,,,,,,,,,,,,,
2012,11,170316.7035,3416.634858,0.02006048,,,,,,,,,,,,,,,
2012,12,221506.9654,6991.656743,0.031564049,,,,,,,,,,,,,,,
2012,13,17414.35754,950.322162,0.054571187,,,,,,,,,,,,,,,
2012,14,362382.6599,18259.76321,0.050388071,,,,,,,,,,,,,,,
2012,15,153826.8249,8394.512433,0.054571187,,,,,,,,,,,,,,,
2012,16,413054.7213,22423.07811,0.054285975,,,,,,,,,,,,,,,
2012,17,502390.2295,27550.26288,0.054838373,,,,,,,,,,,,,,,
2012,18,737769.4907,40528.91927,0.054934393,,,,,,,,,,,,,,,
2012,19,579304.6227,33152.31775,0.05722778,,,,,,,,,,,,,,,
2012,20,510385.4049,30088.48527,0.05895248,,,,,,,,,,,,,,,
2012,21,431094.0212,29716.21234,0.068932091,,,,,,,,,,,,,,,
2012,22,259954.4485,22515.1376,0.086611857,,,,,,,,,,,,,,,
2012,23,239479.3137,24970.72546,0.104270908,,,,,,,,,,,,,,,
2012,24,196651.8643,25175.53702,0.128020841,,,,,,,,,,,,,,,
2012,25,161504.5188,23199.73349,0.143647581,,,,,,,,,,,,,,,
2012,26,184815.2143,28589.18812,0.154690664,,,,,,,,,,,,,,,
2012,27,131464.0943,22177.71308,0.168697873,,,,,,,,,,,,,,,
2012,28,61649.17014,11728.3827,0.190243967,,,,,,,,,,,,,,,
2012,29,26887.94188,5603.778805,0.208412337,,,,,,,,,,,,,,,
2012,30,20661.3308,4551.737514,0.220302243,,,,,,,,,,,,,,,
2012,31,21186.71395,4869.957678,0.229859038,,,,,,,,,,,,,,,
2012,32,23872.7835,5703.614284,0.23891702,,,,,,,,,,,,,,,
2012,33,24844.28698,6349.611179,0.25557631,,,,,,,,,,,,,,,
2012,34,20705.06909,5706.714257,0.275619184,,,,,,,,,,,,,,,
2012,35,7626.073246,2223.504086,0.291566054,,,,,,,,,,,,,,,
2012,36,1432.626247,443.8880224,0.309842168,,,,,,,,,,,,,,,
2012,37,565.2128291,183.1389876,0.324017747,,,,,,,,,,,,,,,
2012,38,0,0,0,,,,,,,,,,,,,,,
2013,9,244740.8091,4909.618157,0.02006048,,,,,,,,,,,,,,,
2013,10,0,0,0,,,,,,,,,,,,,,,
2013,11,122370.4046,2454.809078,0.02006048,,,,,,,,,,,,,,,
2013,12,159149.9625,5023.41724,0.031564049,,,,,,,,,,,,,,,
2013,13,12511.99638,682.7944945,0.054571187,,,,,,,,,,,,,,,
2013,14,260367.3733,13119.4097,0.050388071,,,,,,,,,,,,,,,
2013,15,110522.6347,6031.35137,0.054571187,,,,,,,,,,,,,,,
2013,16,296774.6107,16110.69898,0.054285975,,,,,,,,,,,,,,,
2013,17,360961.0473,19794.5166,0.054838373,,,,,,,,,,,,,,,
2013,18,530078.0795,29119.51763,0.054934393,,,,,,,,,,,,,,,
2013,19,416223.0692,23819.52242,0.05722778,,,,,,,,,,,,,,,
2013,20,366705.48,21618.1974,0.05895248,,,,,,,,,,,,,,,
2013,21,309735.6203,21350.724,0.068932091,,,,,,,,,,,,,,,
2013,22,186773.9945,16176.84256,0.086611857,,,,,,,,,,,,,,,
2013,23,172062.8682,17941.15149,0.104270908,,,,,,,,,,,,,,,
2013,24,141291.8857,18088.30601,0.128020841,,,,,,,,,,,,,,,
2013,25,116038.961,16668.71608,0.143647581,,,,,,,,,,,,,,,
2013,26,132787.4019,20540.9713,0.154690664,,,,,,,,,,,,,,,
2013,27,94455.29467,15934.4073,0.168697873,,,,,,,,,,,,,,,
2013,28,44294.15166,8426.695136,0.190243967,,,,,,,,,,,,,,,
2013,29,19318.64732,4026.244436,0.208412337,,,,,,,,,,,,,,,
2013,30,14844.90574,3270.366029,0.220302243,,,,,,,,,,,,,,,
2013,31,15222.38691,3499.003206,0.229859038,,,,,,,,,,,,,,,
2013,32,17152.29403,4097.974969,0.23891702,,,,,,,,,,,,,,,
2013,33,17850.30703,4562.115595,0.25557631,,,,,,,,,,,,,,,
2013,34,14876.33115,4100.20226,0.275619184,,,,,,,,,,,,,,,
2013,35,5479.2375,1597.559658,0.291566054,,,,,,,,,,,,,,,
2013,36,1029.3239,318.9279488,0.309842168,,,,,,,,,,,,,,,
2013,37,406.0982932,131.5830541,0.324017747,,,,,,,,,,,,,,,
2013,38,0,0,0,,,,,,,,,,,,,,,
2014,9,335624.092,6732.780456,0.02006048,,,,,,,,,,,,,,,
2014,10,0,0,0,,,,,,,,,,,,,,,
2014,11,167812.046,3366.390227,0.02006048,,,,,,,,,,,,,,,
2014,12,218249.51,6888.838262,0.031564049,,,,,,,,,,,,,,,
2014,13,17158.26404,936.3468361,0.054571187,,,,,,,,,,,,,,,
2014,14,357053.5031,17991.23728,0.050388071,,,,,,,,,,,,,,,
2014,15,151564.6657,8271.063721,0.054571187,,,,,,,,,,,,,,,
2014,16,406980.3872,22093.32696,0.054285975,,,,,,,,,,,,,,,
2014,17,495002.1379,27145.11195,0.054838373,,,,,,,,,,,,,,,
2014,18,726919.9394,39932.90575,0.054934393,,,,,,,,,,,,,,,
2014,19,570785.4371,32664.78367,0.05722778,,,,,,,,,,,,,,,
2014,20,502879.7372,29646.00755,0.05895248,,,,,,,,,,,,,,,
2014,21,424754.4033,29279.20922,0.068932091,,,,,,,,,,,,,,,
2014,22,256131.589,22184.03264,0.086611857,,,,,,,,,,,,,,,
2014,23,235957.5591,24603.50891,0.104270908,,,,,,,,,,,,,,,
2014,24,193759.9251,24805.30853,0.128020841,,,,,,,,,,,,,,,
2014,25,159129.4524,22858.56094,0.143647581,,,,,,,,,,,,,,,
2014,26,182097.3435,28168.75889,0.154690664,,,,,,,,,,,,,,,
2014,27,129530.7988,21851.57024,0.168697873,,,,,,,,,,,,,,,
2014,28,60742.5647,11555.90649,0.190243967,,,,,,,,,,,,,,,
2014,29,26492.53097,5521.370294,0.208412337,,,,,,,,,,,,,,,
2014,30,20357.4877,4484.800197,0.220302243,,,,,,,,,,,,,,,
2014,31,20875.14463,4798.340654,0.229859038,,,,,,,,,,,,,,,
2014,32,23521.71315,5619.737603,0.23891702,,,,,,,,,,,,,,,
2014,33,24478.92982,6256.234544,0.25557631,,,,,,,,,,,,,,,
2014,34,20400.58278,5622.791989,0.275619184,,,,,,,,,,,,,,,
2014,35,7513.92511,2190.805496,0.291566054,,,,,,,,,,,,,,,
2014,36,1411.558214,437.3602573,0.309842168,,,,,,,,,,,,,,,
2014,37,556.9008758,180.4457672,0.324017747,,,,,,,,,,,,,,,
2014,38,0,0,0,,,,,,,,,,,,,,,
2015,9,335624.092,6732.780456,0.02006048,,,,,,,,,,,,,,,
2015,10,0,0,0,,,,,,,,,,,,,,,
2015,11,167812.046,3366.390227,0.02006048,,,,,,,,,,,,,,,
2015,12,218249.51,6888.838262,0.031564049,,,,,,,,,,,,,,,
2015,13,17158.26404,936.3468361,0.054571187,,,,,,,,,,,,,,,
2015,14,357053.5031,17991.23728,0.050388071,,,,,,,,,,,,,,,
2015,15,151564.6657,8271.063721,0.054571187,,,,,,,,,,,,,,,
2015,16,406980.3872,22093.32696,0.054285975,,,,,,,,,,,,,,,
2015,17,495002.1379,27145.11195,0.054838373,,,,,,,,,,,,,,,
2015,18,726919.9394,39932.90575,0.054934393,,,,,,,,,,,,,,,
2015,19,570785.4371,32664.78367,0.05722778,,,,,,,,,,,,,,,
2015,20,502879.7372,29646.00755,0.05895248,,,,,,,,,,,,,,,
2015,21,424754.4033,29279.20922,0.068932091,,,,,,,,,,,,,,,
2015,22,256131.589,22184.03264,0.086611857,,,,,,,,,,,,,,,
2015,23,235957.5591,24603.50891,0.104270908,,,,,,,,,,,,,,,
2015,24,193759.9251,24805.30853,0.128020841,,,,,,,,,,,,,,,
2015,25,159129.4524,22858.56094,0.143647581,,,,,,,,,,,,,,,
2015,26,182097.3435,28168.75889,0.154690664,,,,,,,,,,,,,,,
2015,27,129530.7988,21851.57024,0.168697873,,,,,,,,,,,,,,,
2015,28,60742.5647,11555.90649,0.190243967,,,,,,,,,,,,,,,
2015,29,26492.53097,5521.370294,0.208412337,,,,,,,,,,,,,,,
2015,30,20357.4877,4484.800197,0.220302243,,,,,,,,,,,,,,,
2015,31,20875.14463,4798.340654,0.229859038,,,,,,,,,,,,,,,
2015,32,23521.71315,5619.737603,0.23891702,,,,,,,,,,,,,,,
2015,33,24478.92982,6256.234544,0.25557631,,,,,,,,,,,,,,,
2015,34,20400.58278,5622.791989,0.275619184,,,,,,,,,,,,,,,
2015,35,7513.92511,2190.805496,0.291566054,,,,,,,,,,,,,,,
2015,36,1411.558214,437.3602573,0.309842168,,,,,,,,,,,,,,,
2015,37,556.9008758,180.4457672,0.324017747,,,,,,,,,,,,,,,
2015,38,0,0,0,,,,,,,,,,,,,,,
